numero,clasificacion,tema_numero,tema,detalle_sin_encaje,estado_publico,clave_publica,fuente_publica_resumen,respuesta_explicada_publica,bloque_recurrencia,confirmacion_historica_bloque_pct,nota_recurrencia,enlace_detalle
1,Encaje directo,1,"Constitución: principios, Estado, valores, derechos y libertades",,Respuesta explicada públicamente,,,True,1-100,79,Porcentaje agregado del bloque; no implica que esta pregunta concreta esté individualmente confirmada como reutilizada/equivalente.,administrativo/preguntas-resueltas/#p1
2,Encaje directo,1,"Constitución: principios, Estado, valores, derechos y libertades",,Respuesta explicada públicamente,,,True,1-100,79,Porcentaje agregado del bloque; no implica que esta pregunta concreta esté individualmente confirmada como reutilizada/equivalente.,administrativo/preguntas-resueltas/#p2
3,Encaje directo,1,"Constitución: principios, Estado, valores, derechos y libertades",,Respuesta explicada públicamente,,,True,1-100,79,Porcentaje agregado del bloque; no implica que esta pregunta concreta esté individualmente confirmada como reutilizada/equivalente.,administrativo/preguntas-resueltas/#p3
4,Encaje directo,1,"Constitución: principios, Estado, valores, derechos y libertades",,Respuesta explicada públicamente,,,True,1-100,79,Porcentaje agregado del bloque; no implica que esta pregunta concreta esté individualmente confirmada como reutilizada/equivalente.,administrativo/preguntas-resueltas/#p4
5,Encaje directo,1,"Constitución: principios, Estado, valores, derechos y libertades",,Respuesta explicada públicamente,,,True,1-100,79,Porcentaje agregado del bloque; no implica que esta pregunta concreta esté individualmente confirmada como reutilizada/equivalente.,administrativo/preguntas-resueltas/#p5
6,Encaje directo,1,"Constitución: principios, Estado, valores, derechos y libertades",,Respuesta explicada públicamente,,,True,1-100,79,Porcentaje agregado del bloque; no implica que esta pregunta concreta esté individualmente confirmada como reutilizada/equivalente.,administrativo/preguntas-resueltas/#p6
7,Encaje directo,1,"Constitución: principios, Estado, valores, derechos y libertades",,Respuesta explicada públicamente,,,True,1-100,79,Porcentaje agregado del bloque; no implica que esta pregunta concreta esté individualmente confirmada como reutilizada/equivalente.,administrativo/preguntas-resueltas/#p7
8,Encaje directo,1,"Constitución: principios, Estado, valores, derechos y libertades",,Respuesta explicada públicamente,,,True,1-100,79,Porcentaje agregado del bloque; no implica que esta pregunta concreta esté individualmente confirmada como reutilizada/equivalente.,administrativo/preguntas-resueltas/#p8
9,Encaje directo,1,"Constitución: principios, Estado, valores, derechos y libertades",,Respuesta explicada públicamente,,,True,1-100,79,Porcentaje agregado del bloque; no implica que esta pregunta concreta esté individualmente confirmada como reutilizada/equivalente.,administrativo/preguntas-resueltas/#p9
10,Encaje directo,1,"Constitución: principios, Estado, valores, derechos y libertades",,Respuesta explicada públicamente,,,True,1-100,79,Porcentaje agregado del bloque; no implica que esta pregunta concreta esté individualmente confirmada como reutilizada/equivalente.,administrativo/preguntas-resueltas/#p10
11,Encaje directo,5,"Fuentes del Derecho: ley, decretos-leyes y decretos legislativos",,Respuesta explicada públicamente,,,True,1-100,79,Porcentaje agregado del bloque; no implica que esta pregunta concreta esté individualmente confirmada como reutilizada/equivalente.,administrativo/preguntas-resueltas/#p11
12,Encaje directo,3,Estatuto de Autonomía y Concierto Económico,,Respuesta explicada públicamente,,,True,1-100,79,Porcentaje agregado del bloque; no implica que esta pregunta concreta esté individualmente confirmada como reutilizada/equivalente.,administrativo/preguntas-resueltas/#p12
13,Encaje directo,3,Estatuto de Autonomía y Concierto Económico,,Respuesta explicada públicamente,,,True,1-100,79,Porcentaje agregado del bloque; no implica que esta pregunta concreta esté individualmente confirmada como reutilizada/equivalente.,administrativo/preguntas-resueltas/#p13
14,Encaje directo,3,Estatuto de Autonomía y Concierto Económico,,Respuesta explicada públicamente,,,True,1-100,79,Porcentaje agregado del bloque; no implica que esta pregunta concreta esté individualmente confirmada como reutilizada/equivalente.,administrativo/preguntas-resueltas/#p14
15,Encaje directo,3,Estatuto de Autonomía y Concierto Económico,,Sin estado individual público,,,False,1-100,79,Porcentaje agregado del bloque; no implica que esta pregunta concreta esté individualmente confirmada como reutilizada/equivalente.,administrativo/preguntas-por-tema/
16,Encaje directo,3,Estatuto de Autonomía y Concierto Económico,,Respuesta explicada públicamente,,,True,1-100,79,Porcentaje agregado del bloque; no implica que esta pregunta concreta esté individualmente confirmada como reutilizada/equivalente.,administrativo/preguntas-resueltas/#p16
17,Encaje directo,3,Estatuto de Autonomía y Concierto Económico,,Sin estado individual público,,,False,1-100,79,Porcentaje agregado del bloque; no implica que esta pregunta concreta esté individualmente confirmada como reutilizada/equivalente.,administrativo/preguntas-por-tema/
18,Encaje directo,3,Estatuto de Autonomía y Concierto Económico,,Respuesta explicada públicamente,,,True,1-100,79,Porcentaje agregado del bloque; no implica que esta pregunta concreta esté individualmente confirmada como reutilizada/equivalente.,administrativo/preguntas-resueltas/#p18
19,Encaje directo,3,Estatuto de Autonomía y Concierto Económico,,Respuesta explicada públicamente,,,True,1-100,79,Porcentaje agregado del bloque; no implica que esta pregunta concreta esté individualmente confirmada como reutilizada/equivalente.,administrativo/preguntas-resueltas/#p19
20,Encaje directo,3,Estatuto de Autonomía y Concierto Económico,,Sin estado individual público,,,False,1-100,79,Porcentaje agregado del bloque; no implica que esta pregunta concreta esté individualmente confirmada como reutilizada/equivalente.,administrativo/preguntas-por-tema/
21,Encaje directo,4,Derecho e instituciones de la Unión Europea,,Respuesta explicada públicamente,,,True,1-100,79,Porcentaje agregado del bloque; no implica que esta pregunta concreta esté individualmente confirmada como reutilizada/equivalente.,administrativo/preguntas-resueltas/#p21
22,Encaje directo,4,Derecho e instituciones de la Unión Europea,,Sin estado individual público,,,False,1-100,79,Porcentaje agregado del bloque; no implica que esta pregunta concreta esté individualmente confirmada como reutilizada/equivalente.,administrativo/preguntas-por-tema/
23,Encaje directo,4,Derecho e instituciones de la Unión Europea,,Respuesta explicada públicamente,,,True,1-100,79,Porcentaje agregado del bloque; no implica que esta pregunta concreta esté individualmente confirmada como reutilizada/equivalente.,administrativo/preguntas-resueltas/#p23
24,Encaje directo,4,Derecho e instituciones de la Unión Europea,,Respuesta explicada públicamente,,,True,1-100,79,Porcentaje agregado del bloque; no implica que esta pregunta concreta esté individualmente confirmada como reutilizada/equivalente.,administrativo/preguntas-resueltas/#p24
25,Encaje directo,4,Derecho e instituciones de la Unión Europea,,Respuesta explicada públicamente,,,True,1-100,79,Porcentaje agregado del bloque; no implica que esta pregunta concreta esté individualmente confirmada como reutilizada/equivalente.,administrativo/preguntas-resueltas/#p25
26,Encaje directo,4,Derecho e instituciones de la Unión Europea,,Respuesta explicada públicamente,,,True,1-100,79,Porcentaje agregado del bloque; no implica que esta pregunta concreta esté individualmente confirmada como reutilizada/equivalente.,administrativo/preguntas-resueltas/#p26
27,Encaje directo,4,Derecho e instituciones de la Unión Europea,,Respuesta explicada públicamente,,,True,1-100,79,Porcentaje agregado del bloque; no implica que esta pregunta concreta esté individualmente confirmada como reutilizada/equivalente.,administrativo/preguntas-resueltas/#p27
28,Encaje directo,4,Derecho e instituciones de la Unión Europea,,Respuesta explicada públicamente,,,True,1-100,79,Porcentaje agregado del bloque; no implica que esta pregunta concreta esté individualmente confirmada como reutilizada/equivalente.,administrativo/preguntas-resueltas/#p28
29,Encaje directo,5,"Fuentes del Derecho: ley, decretos-leyes y decretos legislativos",,Respuesta explicada públicamente,,,True,1-100,79,Porcentaje agregado del bloque; no implica que esta pregunta concreta esté individualmente confirmada como reutilizada/equivalente.,administrativo/preguntas-resueltas/#p29
30,Encaje directo,5,"Fuentes del Derecho: ley, decretos-leyes y decretos legislativos",,Respuesta explicada públicamente,,,True,1-100,79,Porcentaje agregado del bloque; no implica que esta pregunta concreta esté individualmente confirmada como reutilizada/equivalente.,administrativo/preguntas-resueltas/#p30
31,Transversal,31,"Relaciones ciudadanía-Administración, información, transparencia y acceso electrónico",,Respuesta explicada públicamente,,,True,1-100,79,Porcentaje agregado del bloque; no implica que esta pregunta concreta esté individualmente confirmada como reutilizada/equivalente.,administrativo/preguntas-resueltas/#p31
32,Encaje directo,6,Reglamento y potestad reglamentaria,,Sin estado individual público,,,False,1-100,79,Porcentaje agregado del bloque; no implica que esta pregunta concreta esté individualmente confirmada como reutilizada/equivalente.,administrativo/preguntas-por-tema/
33,Encaje directo,15,Ley 33/2003 de Patrimonio de las Administraciones Públicas,,Respuesta explicada públicamente,,,True,1-100,79,Porcentaje agregado del bloque; no implica que esta pregunta concreta esté individualmente confirmada como reutilizada/equivalente.,administrativo/preguntas-resueltas/#p33
34,Encaje directo,9,Ley 11/2022 de Empleo Público Vasco,,Revisión individual confirmada (ejemplo público),C,Ley 11/2022 de Empleo Público Vasco,True,1-100,79,Porcentaje agregado del bloque; no implica que esta pregunta concreta esté individualmente confirmada como reutilizada/equivalente.,administrativo/preguntas-resueltas/#p34
35,Encaje directo,15,Ley 33/2003 de Patrimonio de las Administraciones Públicas,,Respuesta explicada públicamente,,,True,1-100,79,Porcentaje agregado del bloque; no implica que esta pregunta concreta esté individualmente confirmada como reutilizada/equivalente.,administrativo/preguntas-resueltas/#p35
36,Transversal,15,Ley 33/2003 de Patrimonio de las Administraciones Públicas,,Sin estado individual público,,,False,1-100,79,Porcentaje agregado del bloque; no implica que esta pregunta concreta esté individualmente confirmada como reutilizada/equivalente.,administrativo/preguntas-por-tema/
37,Transversal,15,Ley 33/2003 de Patrimonio de las Administraciones Públicas,,Sin estado individual público,,,False,1-100,79,Porcentaje agregado del bloque; no implica que esta pregunta concreta esté individualmente confirmada como reutilizada/equivalente.,administrativo/preguntas-por-tema/
38,Transversal,15,Ley 33/2003 de Patrimonio de las Administraciones Públicas,,Sin estado individual público,,,False,1-100,79,Porcentaje agregado del bloque; no implica que esta pregunta concreta esté individualmente confirmada como reutilizada/equivalente.,administrativo/preguntas-por-tema/
39,Encaje directo,16,Propiedades administrativas y dominio público,,Sin estado individual público,,,False,1-100,79,Porcentaje agregado del bloque; no implica que esta pregunta concreta esté individualmente confirmada como reutilizada/equivalente.,administrativo/preguntas-por-tema/
40,Encaje directo,16,Propiedades administrativas y dominio público,,Sin estado individual público,,,False,1-100,79,Porcentaje agregado del bloque; no implica que esta pregunta concreta esté individualmente confirmada como reutilizada/equivalente.,administrativo/preguntas-por-tema/
41,Transversal,22,"LOSU: funciones, autonomía, creación, calidad, régimen jurídico y estructura",,Sin estado individual público,,,False,1-100,79,Porcentaje agregado del bloque; no implica que esta pregunta concreta esté individualmente confirmada como reutilizada/equivalente.,administrativo/preguntas-por-tema/
42,Encaje directo,22,"LOSU: funciones, autonomía, creación, calidad, régimen jurídico y estructura",,Revisión individual confirmada (ejemplo público),C,LOSU,False,1-100,79,Porcentaje agregado del bloque; no implica que esta pregunta concreta esté individualmente confirmada como reutilizada/equivalente.,administrativo/preguntas-dudosas/
43,Encaje directo,23,"LOSU: gobernanza, cooperación, coordinación y participación",,Sin estado individual público,,,False,1-100,79,Porcentaje agregado del bloque; no implica que esta pregunta concreta esté individualmente confirmada como reutilizada/equivalente.,administrativo/preguntas-por-tema/
44,Transversal,22,"LOSU: funciones, autonomía, creación, calidad, régimen jurídico y estructura",,Sin estado individual público,,,False,1-100,79,Porcentaje agregado del bloque; no implica que esta pregunta concreta esté individualmente confirmada como reutilizada/equivalente.,administrativo/preguntas-por-tema/
45,Encaje directo,6,Reglamento y potestad reglamentaria,,Sin estado individual público,,,False,1-100,79,Porcentaje agregado del bloque; no implica que esta pregunta concreta esté individualmente confirmada como reutilizada/equivalente.,administrativo/preguntas-por-tema/
46,Encaje directo,6,Reglamento y potestad reglamentaria,,Sin estado individual público,,,False,1-100,79,Porcentaje agregado del bloque; no implica que esta pregunta concreta esté individualmente confirmada como reutilizada/equivalente.,administrativo/preguntas-por-tema/
47,Encaje directo,12,Ley 40/2015: disposiciones generales y órganos administrativos,,Sin estado individual público,,,False,1-100,79,Porcentaje agregado del bloque; no implica que esta pregunta concreta esté individualmente confirmada como reutilizada/equivalente.,administrativo/preguntas-por-tema/
48,Encaje directo,10,"Ley 39/2015: ámbito, interesados, actividad y actos administrativos",,Sin estado individual público,,,False,1-100,79,Porcentaje agregado del bloque; no implica que esta pregunta concreta esté individualmente confirmada como reutilizada/equivalente.,administrativo/preguntas-por-tema/
49,Encaje directo,11,"Ley 39/2015: procedimiento, revisión, recursos y potestad normativa",,Sin estado individual público,,,False,1-100,79,Porcentaje agregado del bloque; no implica que esta pregunta concreta esté individualmente confirmada como reutilizada/equivalente.,administrativo/preguntas-por-tema/
50,Transversal,31,"Relaciones ciudadanía-Administración, información, transparencia y acceso electrónico",,Sin estado individual público,,,False,1-100,79,Porcentaje agregado del bloque; no implica que esta pregunta concreta esté individualmente confirmada como reutilizada/equivalente.,administrativo/preguntas-por-tema/
51,Transversal,31,"Relaciones ciudadanía-Administración, información, transparencia y acceso electrónico",,Corrección documentada,D,Ley 39/2015 (BOE),False,1-100,79,Porcentaje agregado del bloque; no implica que esta pregunta concreta esté individualmente confirmada como reutilizada/equivalente.,administrativo/preguntas-dudosas/
52,Encaje directo,11,"Ley 39/2015: procedimiento, revisión, recursos y potestad normativa",,Sin estado individual público,,,False,1-100,79,Porcentaje agregado del bloque; no implica que esta pregunta concreta esté individualmente confirmada como reutilizada/equivalente.,administrativo/preguntas-por-tema/
53,Transversal,10,"Ley 39/2015: ámbito, interesados, actividad y actos administrativos",,Sin estado individual público,,,False,1-100,79,Porcentaje agregado del bloque; no implica que esta pregunta concreta esté individualmente confirmada como reutilizada/equivalente.,administrativo/preguntas-por-tema/
54,Encaje directo,12,Ley 40/2015: disposiciones generales y órganos administrativos,,Sin estado individual público,,,False,1-100,79,Porcentaje agregado del bloque; no implica que esta pregunta concreta esté individualmente confirmada como reutilizada/equivalente.,administrativo/preguntas-por-tema/
55,Encaje directo,12,Ley 40/2015: disposiciones generales y órganos administrativos,,Sin estado individual público,,,False,1-100,79,Porcentaje agregado del bloque; no implica que esta pregunta concreta esté individualmente confirmada como reutilizada/equivalente.,administrativo/preguntas-por-tema/
56,Encaje directo,12,Ley 40/2015: disposiciones generales y órganos administrativos,,Sin estado individual público,,,False,1-100,79,Porcentaje agregado del bloque; no implica que esta pregunta concreta esté individualmente confirmada como reutilizada/equivalente.,administrativo/preguntas-por-tema/
57,Transversal,12,Ley 40/2015: disposiciones generales y órganos administrativos,,Sin estado individual público,,,False,1-100,79,Porcentaje agregado del bloque; no implica que esta pregunta concreta esté individualmente confirmada como reutilizada/equivalente.,administrativo/preguntas-por-tema/
58,Encaje directo,10,"Ley 39/2015: ámbito, interesados, actividad y actos administrativos",,Sin estado individual público,,,False,1-100,79,Porcentaje agregado del bloque; no implica que esta pregunta concreta esté individualmente confirmada como reutilizada/equivalente.,administrativo/preguntas-por-tema/
59,Encaje directo,13,TREBEP,,Sin estado individual público,,,False,1-100,79,Porcentaje agregado del bloque; no implica que esta pregunta concreta esté individualmente confirmada como reutilizada/equivalente.,administrativo/preguntas-por-tema/
60,Transversal,31,"Relaciones ciudadanía-Administración, información, transparencia y acceso electrónico",,Sin estado individual público,,,False,1-100,79,Porcentaje agregado del bloque; no implica que esta pregunta concreta esté individualmente confirmada como reutilizada/equivalente.,administrativo/preguntas-por-tema/
61,Encaje directo,32,"Gestión de documentos, registros e identidad corporativa",,Sin estado individual público,,,False,1-100,79,Porcentaje agregado del bloque; no implica que esta pregunta concreta esté individualmente confirmada como reutilizada/equivalente.,administrativo/preguntas-por-tema/
62,Encaje directo,11,"Ley 39/2015: procedimiento, revisión, recursos y potestad normativa",,Sin estado individual público,,,False,1-100,79,Porcentaje agregado del bloque; no implica que esta pregunta concreta esté individualmente confirmada como reutilizada/equivalente.,administrativo/preguntas-por-tema/
63,Transversal,10,"Ley 39/2015: ámbito, interesados, actividad y actos administrativos",,Sin estado individual público,,,False,1-100,79,Porcentaje agregado del bloque; no implica que esta pregunta concreta esté individualmente confirmada como reutilizada/equivalente.,administrativo/preguntas-por-tema/
64,Encaje directo,11,"Ley 39/2015: procedimiento, revisión, recursos y potestad normativa",,Sin estado individual público,,,False,1-100,79,Porcentaje agregado del bloque; no implica que esta pregunta concreta esté individualmente confirmada como reutilizada/equivalente.,administrativo/preguntas-por-tema/
65,Encaje directo,11,"Ley 39/2015: procedimiento, revisión, recursos y potestad normativa",,Sin estado individual público,,,False,1-100,79,Porcentaje agregado del bloque; no implica que esta pregunta concreta esté individualmente confirmada como reutilizada/equivalente.,administrativo/preguntas-por-tema/
66,Encaje directo,11,"Ley 39/2015: procedimiento, revisión, recursos y potestad normativa",,Sin estado individual público,,,False,1-100,79,Porcentaje agregado del bloque; no implica que esta pregunta concreta esté individualmente confirmada como reutilizada/equivalente.,administrativo/preguntas-por-tema/
67,Encaje directo,11,"Ley 39/2015: procedimiento, revisión, recursos y potestad normativa",,Sin estado individual público,,,False,1-100,79,Porcentaje agregado del bloque; no implica que esta pregunta concreta esté individualmente confirmada como reutilizada/equivalente.,administrativo/preguntas-por-tema/
68,Transversal,32,"Gestión de documentos, registros e identidad corporativa",,Sin estado individual público,,,False,1-100,79,Porcentaje agregado del bloque; no implica que esta pregunta concreta esté individualmente confirmada como reutilizada/equivalente.,administrativo/preguntas-por-tema/
69,Encaje directo,11,"Ley 39/2015: procedimiento, revisión, recursos y potestad normativa",,Sin estado individual público,,,False,1-100,79,Porcentaje agregado del bloque; no implica que esta pregunta concreta esté individualmente confirmada como reutilizada/equivalente.,administrativo/preguntas-por-tema/
70,Encaje directo,10,"Ley 39/2015: ámbito, interesados, actividad y actos administrativos",,Sin estado individual público,,,False,1-100,79,Porcentaje agregado del bloque; no implica que esta pregunta concreta esté individualmente confirmada como reutilizada/equivalente.,administrativo/preguntas-por-tema/
71,Encaje directo,10,"Ley 39/2015: ámbito, interesados, actividad y actos administrativos",,Sin estado individual público,,,False,1-100,79,Porcentaje agregado del bloque; no implica que esta pregunta concreta esté individualmente confirmada como reutilizada/equivalente.,administrativo/preguntas-por-tema/
72,Encaje directo,10,"Ley 39/2015: ámbito, interesados, actividad y actos administrativos",,Sin estado individual público,,,False,1-100,79,Porcentaje agregado del bloque; no implica que esta pregunta concreta esté individualmente confirmada como reutilizada/equivalente.,administrativo/preguntas-por-tema/
73,Encaje directo,10,"Ley 39/2015: ámbito, interesados, actividad y actos administrativos",,Sin estado individual público,,,False,1-100,79,Porcentaje agregado del bloque; no implica que esta pregunta concreta esté individualmente confirmada como reutilizada/equivalente.,administrativo/preguntas-por-tema/
74,Encaje directo,10,"Ley 39/2015: ámbito, interesados, actividad y actos administrativos",,Sin estado individual público,,,False,1-100,79,Porcentaje agregado del bloque; no implica que esta pregunta concreta esté individualmente confirmada como reutilizada/equivalente.,administrativo/preguntas-por-tema/
75,Encaje directo,10,"Ley 39/2015: ámbito, interesados, actividad y actos administrativos",,Sin estado individual público,,,False,1-100,79,Porcentaje agregado del bloque; no implica que esta pregunta concreta esté individualmente confirmada como reutilizada/equivalente.,administrativo/preguntas-por-tema/
76,Encaje directo,10,"Ley 39/2015: ámbito, interesados, actividad y actos administrativos",,Sin estado individual público,,,False,1-100,79,Porcentaje agregado del bloque; no implica que esta pregunta concreta esté individualmente confirmada como reutilizada/equivalente.,administrativo/preguntas-por-tema/
77,Transversal,31,"Relaciones ciudadanía-Administración, información, transparencia y acceso electrónico",,Sin estado individual público,,,False,1-100,79,Porcentaje agregado del bloque; no implica que esta pregunta concreta esté individualmente confirmada como reutilizada/equivalente.,administrativo/preguntas-por-tema/
78,Transversal,31,"Relaciones ciudadanía-Administración, información, transparencia y acceso electrónico",,Sin estado individual público,,,False,1-100,79,Porcentaje agregado del bloque; no implica que esta pregunta concreta esté individualmente confirmada como reutilizada/equivalente.,administrativo/preguntas-por-tema/
79,Transversal,31,"Relaciones ciudadanía-Administración, información, transparencia y acceso electrónico",,Sin estado individual público,,,False,1-100,79,Porcentaje agregado del bloque; no implica que esta pregunta concreta esté individualmente confirmada como reutilizada/equivalente.,administrativo/preguntas-por-tema/
80,Transversal,6,Reglamento y potestad reglamentaria,,Sin estado individual público,,,False,1-100,79,Porcentaje agregado del bloque; no implica que esta pregunta concreta esté individualmente confirmada como reutilizada/equivalente.,administrativo/preguntas-por-tema/
81,Encaje directo,9,Ley 11/2022 de Empleo Público Vasco,,Sin estado individual público,,,False,1-100,79,Porcentaje agregado del bloque; no implica que esta pregunta concreta esté individualmente confirmada como reutilizada/equivalente.,administrativo/preguntas-por-tema/
82,Encaje directo,9,Ley 11/2022 de Empleo Público Vasco,,Sin estado individual público,,,False,1-100,79,Porcentaje agregado del bloque; no implica que esta pregunta concreta esté individualmente confirmada como reutilizada/equivalente.,administrativo/preguntas-por-tema/
83,Encaje directo,9,Ley 11/2022 de Empleo Público Vasco,,Sin estado individual público,,,False,1-100,79,Porcentaje agregado del bloque; no implica que esta pregunta concreta esté individualmente confirmada como reutilizada/equivalente.,administrativo/preguntas-por-tema/
84,Encaje directo,9,Ley 11/2022 de Empleo Público Vasco,,Sin estado individual público,,,False,1-100,79,Porcentaje agregado del bloque; no implica que esta pregunta concreta esté individualmente confirmada como reutilizada/equivalente.,administrativo/preguntas-por-tema/
85,Encaje directo,9,Ley 11/2022 de Empleo Público Vasco,,Sin estado individual público,,,False,1-100,79,Porcentaje agregado del bloque; no implica que esta pregunta concreta esté individualmente confirmada como reutilizada/equivalente.,administrativo/preguntas-por-tema/
86,Encaje directo,9,Ley 11/2022 de Empleo Público Vasco,,Sin estado individual público,,,False,1-100,79,Porcentaje agregado del bloque; no implica que esta pregunta concreta esté individualmente confirmada como reutilizada/equivalente.,administrativo/preguntas-por-tema/
87,Encaje directo,9,Ley 11/2022 de Empleo Público Vasco,,Sin estado individual público,,,False,1-100,79,Porcentaje agregado del bloque; no implica que esta pregunta concreta esté individualmente confirmada como reutilizada/equivalente.,administrativo/preguntas-por-tema/
88,Encaje directo,9,Ley 11/2022 de Empleo Público Vasco,,Sin estado individual público,,,False,1-100,79,Porcentaje agregado del bloque; no implica que esta pregunta concreta esté individualmente confirmada como reutilizada/equivalente.,administrativo/preguntas-por-tema/
89,Transversal,9,Ley 11/2022 de Empleo Público Vasco,,Corrección documentada,C,Acuerdo de condiciones de trabajo EHU,False,1-100,79,Porcentaje agregado del bloque; no implica que esta pregunta concreta esté individualmente confirmada como reutilizada/equivalente.,administrativo/preguntas-dudosas/
90,Transversal,9,Ley 11/2022 de Empleo Público Vasco,,Sin estado individual público,,,False,1-100,79,Porcentaje agregado del bloque; no implica que esta pregunta concreta esté individualmente confirmada como reutilizada/equivalente.,administrativo/preguntas-por-tema/
91,Encaje directo,9,Ley 11/2022 de Empleo Público Vasco,,Sin estado individual público,,,False,1-100,79,Porcentaje agregado del bloque; no implica que esta pregunta concreta esté individualmente confirmada como reutilizada/equivalente.,administrativo/preguntas-por-tema/
92,Encaje directo,9,Ley 11/2022 de Empleo Público Vasco,,Sin estado individual público,,,False,1-100,79,Porcentaje agregado del bloque; no implica que esta pregunta concreta esté individualmente confirmada como reutilizada/equivalente.,administrativo/preguntas-por-tema/
93,Encaje directo,9,Ley 11/2022 de Empleo Público Vasco,,Sin estado individual público,,,False,1-100,79,Porcentaje agregado del bloque; no implica que esta pregunta concreta esté individualmente confirmada como reutilizada/equivalente.,administrativo/preguntas-por-tema/
94,Encaje directo,9,Ley 11/2022 de Empleo Público Vasco,,Sin estado individual público,,,False,1-100,79,Porcentaje agregado del bloque; no implica que esta pregunta concreta esté individualmente confirmada como reutilizada/equivalente.,administrativo/preguntas-por-tema/
95,Encaje directo,9,Ley 11/2022 de Empleo Público Vasco,,Sin estado individual público,,,False,1-100,79,Porcentaje agregado del bloque; no implica que esta pregunta concreta esté individualmente confirmada como reutilizada/equivalente.,administrativo/preguntas-por-tema/
96,Transversal,9,Ley 11/2022 de Empleo Público Vasco,,Sin estado individual público,,,False,1-100,79,Porcentaje agregado del bloque; no implica que esta pregunta concreta esté individualmente confirmada como reutilizada/equivalente.,administrativo/preguntas-por-tema/
97,Sin encaje directo,,Sin encaje directo en los 35 temas,"Prevención, emergencias, ergonomía o seguridad laboral",Sin estado individual público,,,False,1-100,79,Porcentaje agregado del bloque; no implica que esta pregunta concreta esté individualmente confirmada como reutilizada/equivalente.,administrativo/preguntas-por-tema/
98,Encaje directo,27,"Estatutos EHU: naturaleza, fines, comunidad, actividad, estructura y órganos colegiados",,Sin estado individual público,,,False,1-100,79,Porcentaje agregado del bloque; no implica que esta pregunta concreta esté individualmente confirmada como reutilizada/equivalente.,administrativo/preguntas-por-tema/
99,Encaje directo,27,"Estatutos EHU: naturaleza, fines, comunidad, actividad, estructura y órganos colegiados",,Sin estado individual público,,,False,1-100,79,Porcentaje agregado del bloque; no implica que esta pregunta concreta esté individualmente confirmada como reutilizada/equivalente.,administrativo/preguntas-por-tema/
100,Transversal,27,"Estatutos EHU: naturaleza, fines, comunidad, actividad, estructura y órganos colegiados",,Sin estado individual público,,,False,1-100,79,Porcentaje agregado del bloque; no implica que esta pregunta concreta esté individualmente confirmada como reutilizada/equivalente.,administrativo/preguntas-por-tema/
101,Transversal,27,"Estatutos EHU: naturaleza, fines, comunidad, actividad, estructura y órganos colegiados",,Sin estado individual público,,,False,101-200,91,Porcentaje agregado del bloque; no implica que esta pregunta concreta esté individualmente confirmada como reutilizada/equivalente.,administrativo/preguntas-por-tema/
102,Transversal,27,"Estatutos EHU: naturaleza, fines, comunidad, actividad, estructura y órganos colegiados",,Sin estado individual público,,,False,101-200,91,Porcentaje agregado del bloque; no implica que esta pregunta concreta esté individualmente confirmada como reutilizada/equivalente.,administrativo/preguntas-por-tema/
103,Encaje directo,34,Bibliotecas y Biblioteca EHU,,Sin estado individual público,,,False,101-200,91,Porcentaje agregado del bloque; no implica que esta pregunta concreta esté individualmente confirmada como reutilizada/equivalente.,administrativo/preguntas-por-tema/
104,Transversal,27,"Estatutos EHU: naturaleza, fines, comunidad, actividad, estructura y órganos colegiados",,Sin estado individual público,,,False,101-200,91,Porcentaje agregado del bloque; no implica que esta pregunta concreta esté individualmente confirmada como reutilizada/equivalente.,administrativo/preguntas-por-tema/
105,Transversal,9,Ley 11/2022 de Empleo Público Vasco,,Sin estado individual público,,,False,101-200,91,Porcentaje agregado del bloque; no implica que esta pregunta concreta esté individualmente confirmada como reutilizada/equivalente.,administrativo/preguntas-por-tema/
106,Transversal,27,"Estatutos EHU: naturaleza, fines, comunidad, actividad, estructura y órganos colegiados",,Sin estado individual público,,,False,101-200,91,Porcentaje agregado del bloque; no implica que esta pregunta concreta esté individualmente confirmada como reutilizada/equivalente.,administrativo/preguntas-por-tema/
107,Transversal,27,"Estatutos EHU: naturaleza, fines, comunidad, actividad, estructura y órganos colegiados",,Sin estado individual público,,,False,101-200,91,Porcentaje agregado del bloque; no implica que esta pregunta concreta esté individualmente confirmada como reutilizada/equivalente.,administrativo/preguntas-por-tema/
108,Transversal,8,Normalización del uso del euskera,,Sin estado individual público,,,False,101-200,91,Porcentaje agregado del bloque; no implica que esta pregunta concreta esté individualmente confirmada como reutilizada/equivalente.,administrativo/preguntas-por-tema/
109,Encaje directo,27,"Estatutos EHU: naturaleza, fines, comunidad, actividad, estructura y órganos colegiados",,Sin estado individual público,,,False,101-200,91,Porcentaje agregado del bloque; no implica que esta pregunta concreta esté individualmente confirmada como reutilizada/equivalente.,administrativo/preguntas-por-tema/
110,Transversal,17,Ley 9/2017 de Contratos del Sector Público,,Sin estado individual público,,,False,101-200,91,Porcentaje agregado del bloque; no implica que esta pregunta concreta esté individualmente confirmada como reutilizada/equivalente.,administrativo/preguntas-por-tema/
111,Encaje directo,1,"Constitución: principios, Estado, valores, derechos y libertades",,Sin estado individual público,,,False,101-200,91,Porcentaje agregado del bloque; no implica que esta pregunta concreta esté individualmente confirmada como reutilizada/equivalente.,administrativo/preguntas-por-tema/
112,Encaje directo,13,TREBEP,,Sin estado individual público,,,False,101-200,91,Porcentaje agregado del bloque; no implica que esta pregunta concreta esté individualmente confirmada como reutilizada/equivalente.,administrativo/preguntas-por-tema/
113,Encaje directo,13,TREBEP,,Sin estado individual público,,,False,101-200,91,Porcentaje agregado del bloque; no implica que esta pregunta concreta esté individualmente confirmada como reutilizada/equivalente.,administrativo/preguntas-por-tema/
114,Encaje directo,13,TREBEP,,Sin estado individual público,,,False,101-200,91,Porcentaje agregado del bloque; no implica que esta pregunta concreta esté individualmente confirmada como reutilizada/equivalente.,administrativo/preguntas-por-tema/
115,Transversal,27,"Estatutos EHU: naturaleza, fines, comunidad, actividad, estructura y órganos colegiados",,Sin estado individual público,,,False,101-200,91,Porcentaje agregado del bloque; no implica que esta pregunta concreta esté individualmente confirmada como reutilizada/equivalente.,administrativo/preguntas-por-tema/
116,Sin encaje directo,,Sin encaje directo en los 35 temas,"Prevención, emergencias, ergonomía o seguridad laboral",Sin estado individual público,,,False,101-200,91,Porcentaje agregado del bloque; no implica que esta pregunta concreta esté individualmente confirmada como reutilizada/equivalente.,administrativo/preguntas-por-tema/
117,Encaje directo,27,"Estatutos EHU: naturaleza, fines, comunidad, actividad, estructura y órganos colegiados",,Sin estado individual público,,,False,101-200,91,Porcentaje agregado del bloque; no implica que esta pregunta concreta esté individualmente confirmada como reutilizada/equivalente.,administrativo/preguntas-por-tema/
118,Encaje directo,27,"Estatutos EHU: naturaleza, fines, comunidad, actividad, estructura y órganos colegiados",,Sin estado individual público,,,False,101-200,91,Porcentaje agregado del bloque; no implica que esta pregunta concreta esté individualmente confirmada como reutilizada/equivalente.,administrativo/preguntas-por-tema/
119,Encaje directo,27,"Estatutos EHU: naturaleza, fines, comunidad, actividad, estructura y órganos colegiados",,Sin estado individual público,,,False,101-200,91,Porcentaje agregado del bloque; no implica que esta pregunta concreta esté individualmente confirmada como reutilizada/equivalente.,administrativo/preguntas-por-tema/
120,Encaje directo,27,"Estatutos EHU: naturaleza, fines, comunidad, actividad, estructura y órganos colegiados",,Sin estado individual público,,,False,101-200,91,Porcentaje agregado del bloque; no implica que esta pregunta concreta esté individualmente confirmada como reutilizada/equivalente.,administrativo/preguntas-por-tema/
121,Transversal,22,"LOSU: funciones, autonomía, creación, calidad, régimen jurídico y estructura",,Sin estado individual público,,,False,101-200,91,Porcentaje agregado del bloque; no implica que esta pregunta concreta esté individualmente confirmada como reutilizada/equivalente.,administrativo/preguntas-por-tema/
122,Encaje directo,13,TREBEP,,Sin estado individual público,,,False,101-200,91,Porcentaje agregado del bloque; no implica que esta pregunta concreta esté individualmente confirmada como reutilizada/equivalente.,administrativo/preguntas-por-tema/
123,Encaje directo,28,"Estatutos EHU: órganos unipersonales, servicios, centros y departamentos",,Sin estado individual público,,,False,101-200,91,Porcentaje agregado del bloque; no implica que esta pregunta concreta esté individualmente confirmada como reutilizada/equivalente.,administrativo/preguntas-por-tema/
124,Encaje directo,28,"Estatutos EHU: órganos unipersonales, servicios, centros y departamentos",,Sin estado individual público,,,False,101-200,91,Porcentaje agregado del bloque; no implica que esta pregunta concreta esté individualmente confirmada como reutilizada/equivalente.,administrativo/preguntas-por-tema/
125,Encaje directo,28,"Estatutos EHU: órganos unipersonales, servicios, centros y departamentos",,Sin estado individual público,,,False,101-200,91,Porcentaje agregado del bloque; no implica que esta pregunta concreta esté individualmente confirmada como reutilizada/equivalente.,administrativo/preguntas-por-tema/
126,Transversal,9,Ley 11/2022 de Empleo Público Vasco,,Sin estado individual público,,,False,101-200,91,Porcentaje agregado del bloque; no implica que esta pregunta concreta esté individualmente confirmada como reutilizada/equivalente.,administrativo/preguntas-por-tema/
127,Encaje directo,28,"Estatutos EHU: órganos unipersonales, servicios, centros y departamentos",,Corrección documentada,D,Reglamento Marco de Departamentos EHU,False,101-200,91,Porcentaje agregado del bloque; no implica que esta pregunta concreta esté individualmente confirmada como reutilizada/equivalente.,administrativo/preguntas-dudosas/
128,Encaje directo,27,"Estatutos EHU: naturaleza, fines, comunidad, actividad, estructura y órganos colegiados",,Sin estado individual público,,,False,101-200,91,Porcentaje agregado del bloque; no implica que esta pregunta concreta esté individualmente confirmada como reutilizada/equivalente.,administrativo/preguntas-por-tema/
129,Encaje directo,27,"Estatutos EHU: naturaleza, fines, comunidad, actividad, estructura y órganos colegiados",,Sin estado individual público,,,False,101-200,91,Porcentaje agregado del bloque; no implica que esta pregunta concreta esté individualmente confirmada como reutilizada/equivalente.,administrativo/preguntas-por-tema/
130,Encaje directo,27,"Estatutos EHU: naturaleza, fines, comunidad, actividad, estructura y órganos colegiados",,Sin estado individual público,,,False,101-200,91,Porcentaje agregado del bloque; no implica que esta pregunta concreta esté individualmente confirmada como reutilizada/equivalente.,administrativo/preguntas-por-tema/
131,Encaje directo,27,"Estatutos EHU: naturaleza, fines, comunidad, actividad, estructura y órganos colegiados",,Sin estado individual público,,,False,101-200,91,Porcentaje agregado del bloque; no implica que esta pregunta concreta esté individualmente confirmada como reutilizada/equivalente.,administrativo/preguntas-por-tema/
132,Encaje directo,27,"Estatutos EHU: naturaleza, fines, comunidad, actividad, estructura y órganos colegiados",,Sin estado individual público,,,False,101-200,91,Porcentaje agregado del bloque; no implica que esta pregunta concreta esté individualmente confirmada como reutilizada/equivalente.,administrativo/preguntas-por-tema/
133,Encaje directo,13,TREBEP,,Sin estado individual público,,,False,101-200,91,Porcentaje agregado del bloque; no implica que esta pregunta concreta esté individualmente confirmada como reutilizada/equivalente.,administrativo/preguntas-por-tema/
134,Transversal,27,"Estatutos EHU: naturaleza, fines, comunidad, actividad, estructura y órganos colegiados",,Sin estado individual público,,,False,101-200,91,Porcentaje agregado del bloque; no implica que esta pregunta concreta esté individualmente confirmada como reutilizada/equivalente.,administrativo/preguntas-por-tema/
135,Transversal,28,"Estatutos EHU: órganos unipersonales, servicios, centros y departamentos",,Corrección documentada,D,Fuente institucional EHU,False,101-200,91,Porcentaje agregado del bloque; no implica que esta pregunta concreta esté individualmente confirmada como reutilizada/equivalente.,administrativo/preguntas-dudosas/
136,Transversal,21,Nóminas,,Sin estado individual público,,,False,101-200,91,Porcentaje agregado del bloque; no implica que esta pregunta concreta esté individualmente confirmada como reutilizada/equivalente.,administrativo/preguntas-por-tema/
137,Transversal,22,"LOSU: funciones, autonomía, creación, calidad, régimen jurídico y estructura",,Sin estado individual público,,,False,101-200,91,Porcentaje agregado del bloque; no implica que esta pregunta concreta esté individualmente confirmada como reutilizada/equivalente.,administrativo/preguntas-por-tema/
138,Transversal,22,"LOSU: funciones, autonomía, creación, calidad, régimen jurídico y estructura",,Sin estado individual público,,,False,101-200,91,Porcentaje agregado del bloque; no implica que esta pregunta concreta esté individualmente confirmada como reutilizada/equivalente.,administrativo/preguntas-por-tema/
139,Encaje directo,13,TREBEP,,Sin estado individual público,,,False,101-200,91,Porcentaje agregado del bloque; no implica que esta pregunta concreta esté individualmente confirmada como reutilizada/equivalente.,administrativo/preguntas-por-tema/
140,Encaje directo,24,"Ley 3/2004: principios, objetivos, funciones, régimen jurídico y lenguas",,Sin estado individual público,,,False,101-200,91,Porcentaje agregado del bloque; no implica que esta pregunta concreta esté individualmente confirmada como reutilizada/equivalente.,administrativo/preguntas-por-tema/
141,Encaje directo,10,"Ley 39/2015: ámbito, interesados, actividad y actos administrativos",,Sin estado individual público,,,False,101-200,91,Porcentaje agregado del bloque; no implica que esta pregunta concreta esté individualmente confirmada como reutilizada/equivalente.,administrativo/preguntas-por-tema/
142,Encaje directo,24,"Ley 3/2004: principios, objetivos, funciones, régimen jurídico y lenguas",,Sin estado individual público,,,False,101-200,91,Porcentaje agregado del bloque; no implica que esta pregunta concreta esté individualmente confirmada como reutilizada/equivalente.,administrativo/preguntas-por-tema/
143,Encaje directo,27,"Estatutos EHU: naturaleza, fines, comunidad, actividad, estructura y órganos colegiados",,Sin estado individual público,,,False,101-200,91,Porcentaje agregado del bloque; no implica que esta pregunta concreta esté individualmente confirmada como reutilizada/equivalente.,administrativo/preguntas-por-tema/
144,Encaje directo,13,TREBEP,,Sin estado individual público,,,False,101-200,91,Porcentaje agregado del bloque; no implica que esta pregunta concreta esté individualmente confirmada como reutilizada/equivalente.,administrativo/preguntas-por-tema/
145,Encaje directo,27,"Estatutos EHU: naturaleza, fines, comunidad, actividad, estructura y órganos colegiados",,Sin estado individual público,,,False,101-200,91,Porcentaje agregado del bloque; no implica que esta pregunta concreta esté individualmente confirmada como reutilizada/equivalente.,administrativo/preguntas-por-tema/
146,Encaje directo,29,Igualdad de género y violencia contra las mujeres,,Sin estado individual público,,,False,101-200,91,Porcentaje agregado del bloque; no implica que esta pregunta concreta esté individualmente confirmada como reutilizada/equivalente.,administrativo/preguntas-por-tema/
147,Transversal,22,"LOSU: funciones, autonomía, creación, calidad, régimen jurídico y estructura",,Sin estado individual público,,,False,101-200,91,Porcentaje agregado del bloque; no implica que esta pregunta concreta esté individualmente confirmada como reutilizada/equivalente.,administrativo/preguntas-por-tema/
148,Encaje directo,29,Igualdad de género y violencia contra las mujeres,,Sin estado individual público,,,False,101-200,91,Porcentaje agregado del bloque; no implica que esta pregunta concreta esté individualmente confirmada como reutilizada/equivalente.,administrativo/preguntas-por-tema/
149,Encaje directo,9,Ley 11/2022 de Empleo Público Vasco,,Sin estado individual público,,,False,101-200,91,Porcentaje agregado del bloque; no implica que esta pregunta concreta esté individualmente confirmada como reutilizada/equivalente.,administrativo/preguntas-por-tema/
150,Sin encaje directo,,Sin encaje directo en los 35 temas,"Prevención, emergencias, ergonomía o seguridad laboral",Sin estado individual público,,,False,101-200,91,Porcentaje agregado del bloque; no implica que esta pregunta concreta esté individualmente confirmada como reutilizada/equivalente.,administrativo/preguntas-por-tema/
151,Encaje directo,27,"Estatutos EHU: naturaleza, fines, comunidad, actividad, estructura y órganos colegiados",,Sin estado individual público,,,False,101-200,91,Porcentaje agregado del bloque; no implica que esta pregunta concreta esté individualmente confirmada como reutilizada/equivalente.,administrativo/preguntas-por-tema/
152,Encaje directo,27,"Estatutos EHU: naturaleza, fines, comunidad, actividad, estructura y órganos colegiados",,Sin estado individual público,,,False,101-200,91,Porcentaje agregado del bloque; no implica que esta pregunta concreta esté individualmente confirmada como reutilizada/equivalente.,administrativo/preguntas-por-tema/
153,Encaje directo,27,"Estatutos EHU: naturaleza, fines, comunidad, actividad, estructura y órganos colegiados",,Sin estado individual público,,,False,101-200,91,Porcentaje agregado del bloque; no implica que esta pregunta concreta esté individualmente confirmada como reutilizada/equivalente.,administrativo/preguntas-por-tema/
154,Encaje directo,27,"Estatutos EHU: naturaleza, fines, comunidad, actividad, estructura y órganos colegiados",,Sin estado individual público,,,False,101-200,91,Porcentaje agregado del bloque; no implica que esta pregunta concreta esté individualmente confirmada como reutilizada/equivalente.,administrativo/preguntas-por-tema/
155,Encaje directo,27,"Estatutos EHU: naturaleza, fines, comunidad, actividad, estructura y órganos colegiados",,Sin estado individual público,,,False,101-200,91,Porcentaje agregado del bloque; no implica que esta pregunta concreta esté individualmente confirmada como reutilizada/equivalente.,administrativo/preguntas-por-tema/
156,Encaje directo,27,"Estatutos EHU: naturaleza, fines, comunidad, actividad, estructura y órganos colegiados",,Sin estado individual público,,,False,101-200,91,Porcentaje agregado del bloque; no implica que esta pregunta concreta esté individualmente confirmada como reutilizada/equivalente.,administrativo/preguntas-por-tema/
157,Encaje directo,10,"Ley 39/2015: ámbito, interesados, actividad y actos administrativos",,Sin estado individual público,,,False,101-200,91,Porcentaje agregado del bloque; no implica que esta pregunta concreta esté individualmente confirmada como reutilizada/equivalente.,administrativo/preguntas-por-tema/
158,Encaje directo,8,Normalización del uso del euskera,,Sin estado individual público,,,False,101-200,91,Porcentaje agregado del bloque; no implica que esta pregunta concreta esté individualmente confirmada como reutilizada/equivalente.,administrativo/preguntas-por-tema/
159,Encaje directo,8,Normalización del uso del euskera,,Sin estado individual público,,,False,101-200,91,Porcentaje agregado del bloque; no implica que esta pregunta concreta esté individualmente confirmada como reutilizada/equivalente.,administrativo/preguntas-por-tema/
160,Encaje directo,8,Normalización del uso del euskera,,Sin estado individual público,,,False,101-200,91,Porcentaje agregado del bloque; no implica que esta pregunta concreta esté individualmente confirmada como reutilizada/equivalente.,administrativo/preguntas-por-tema/
161,Encaje directo,8,Normalización del uso del euskera,,Sin estado individual público,,,False,101-200,91,Porcentaje agregado del bloque; no implica que esta pregunta concreta esté individualmente confirmada como reutilizada/equivalente.,administrativo/preguntas-por-tema/
162,Encaje directo,8,Normalización del uso del euskera,,Sin estado individual público,,,False,101-200,91,Porcentaje agregado del bloque; no implica que esta pregunta concreta esté individualmente confirmada como reutilizada/equivalente.,administrativo/preguntas-por-tema/
163,Encaje directo,8,Normalización del uso del euskera,,Sin estado individual público,,,False,101-200,91,Porcentaje agregado del bloque; no implica que esta pregunta concreta esté individualmente confirmada como reutilizada/equivalente.,administrativo/preguntas-por-tema/
164,Encaje directo,8,Normalización del uso del euskera,,Sin estado individual público,,,False,101-200,91,Porcentaje agregado del bloque; no implica que esta pregunta concreta esté individualmente confirmada como reutilizada/equivalente.,administrativo/preguntas-por-tema/
165,Encaje directo,10,"Ley 39/2015: ámbito, interesados, actividad y actos administrativos",,Sin estado individual público,,,False,101-200,91,Porcentaje agregado del bloque; no implica que esta pregunta concreta esté individualmente confirmada como reutilizada/equivalente.,administrativo/preguntas-por-tema/
166,Encaje directo,10,"Ley 39/2015: ámbito, interesados, actividad y actos administrativos",,Sin estado individual público,,,False,101-200,91,Porcentaje agregado del bloque; no implica que esta pregunta concreta esté individualmente confirmada como reutilizada/equivalente.,administrativo/preguntas-por-tema/
167,Encaje directo,10,"Ley 39/2015: ámbito, interesados, actividad y actos administrativos",,Sin estado individual público,,,False,101-200,91,Porcentaje agregado del bloque; no implica que esta pregunta concreta esté individualmente confirmada como reutilizada/equivalente.,administrativo/preguntas-por-tema/
168,Encaje directo,27,"Estatutos EHU: naturaleza, fines, comunidad, actividad, estructura y órganos colegiados",,Sin estado individual público,,,False,101-200,91,Porcentaje agregado del bloque; no implica que esta pregunta concreta esté individualmente confirmada como reutilizada/equivalente.,administrativo/preguntas-por-tema/
169,Encaje directo,27,"Estatutos EHU: naturaleza, fines, comunidad, actividad, estructura y órganos colegiados",,Sin estado individual público,,,False,101-200,91,Porcentaje agregado del bloque; no implica que esta pregunta concreta esté individualmente confirmada como reutilizada/equivalente.,administrativo/preguntas-por-tema/
170,Encaje directo,27,"Estatutos EHU: naturaleza, fines, comunidad, actividad, estructura y órganos colegiados",,Sin estado individual público,,,False,101-200,91,Porcentaje agregado del bloque; no implica que esta pregunta concreta esté individualmente confirmada como reutilizada/equivalente.,administrativo/preguntas-por-tema/
171,Encaje directo,28,"Estatutos EHU: órganos unipersonales, servicios, centros y departamentos",,Sin estado individual público,,,False,101-200,91,Porcentaje agregado del bloque; no implica que esta pregunta concreta esté individualmente confirmada como reutilizada/equivalente.,administrativo/preguntas-por-tema/
172,Encaje directo,27,"Estatutos EHU: naturaleza, fines, comunidad, actividad, estructura y órganos colegiados",,Sin estado individual público,,,False,101-200,91,Porcentaje agregado del bloque; no implica que esta pregunta concreta esté individualmente confirmada como reutilizada/equivalente.,administrativo/preguntas-por-tema/
173,Encaje directo,27,"Estatutos EHU: naturaleza, fines, comunidad, actividad, estructura y órganos colegiados",,Sin estado individual público,,,False,101-200,91,Porcentaje agregado del bloque; no implica que esta pregunta concreta esté individualmente confirmada como reutilizada/equivalente.,administrativo/preguntas-por-tema/
174,Encaje directo,28,"Estatutos EHU: órganos unipersonales, servicios, centros y departamentos",,Sin estado individual público,,,False,101-200,91,Porcentaje agregado del bloque; no implica que esta pregunta concreta esté individualmente confirmada como reutilizada/equivalente.,administrativo/preguntas-por-tema/
175,Encaje directo,13,TREBEP,,Sin estado individual público,,,False,101-200,91,Porcentaje agregado del bloque; no implica que esta pregunta concreta esté individualmente confirmada como reutilizada/equivalente.,administrativo/preguntas-por-tema/
176,Encaje directo,27,"Estatutos EHU: naturaleza, fines, comunidad, actividad, estructura y órganos colegiados",,Sin estado individual público,,,False,101-200,91,Porcentaje agregado del bloque; no implica que esta pregunta concreta esté individualmente confirmada como reutilizada/equivalente.,administrativo/preguntas-por-tema/
177,Encaje directo,27,"Estatutos EHU: naturaleza, fines, comunidad, actividad, estructura y órganos colegiados",,Sin estado individual público,,,False,101-200,91,Porcentaje agregado del bloque; no implica que esta pregunta concreta esté individualmente confirmada como reutilizada/equivalente.,administrativo/preguntas-por-tema/
178,Transversal,27,"Estatutos EHU: naturaleza, fines, comunidad, actividad, estructura y órganos colegiados",,Sin estado individual público,,,False,101-200,91,Porcentaje agregado del bloque; no implica que esta pregunta concreta esté individualmente confirmada como reutilizada/equivalente.,administrativo/preguntas-por-tema/
179,Encaje directo,29,Igualdad de género y violencia contra las mujeres,,Sin estado individual público,,,False,101-200,91,Porcentaje agregado del bloque; no implica que esta pregunta concreta esté individualmente confirmada como reutilizada/equivalente.,administrativo/preguntas-por-tema/
180,Encaje directo,29,Igualdad de género y violencia contra las mujeres,,Sin estado individual público,,,False,101-200,91,Porcentaje agregado del bloque; no implica que esta pregunta concreta esté individualmente confirmada como reutilizada/equivalente.,administrativo/preguntas-por-tema/
181,Encaje directo,18,"Presupuesto: concepto, principios, estructura y modificaciones",,Sin estado individual público,,,False,101-200,91,Porcentaje agregado del bloque; no implica que esta pregunta concreta esté individualmente confirmada como reutilizada/equivalente.,administrativo/preguntas-por-tema/
182,Encaje directo,18,"Presupuesto: concepto, principios, estructura y modificaciones",,Sin estado individual público,,,False,101-200,91,Porcentaje agregado del bloque; no implica que esta pregunta concreta esté individualmente confirmada como reutilizada/equivalente.,administrativo/preguntas-por-tema/
183,Encaje directo,18,"Presupuesto: concepto, principios, estructura y modificaciones",,Sin estado individual público,,,False,101-200,91,Porcentaje agregado del bloque; no implica que esta pregunta concreta esté individualmente confirmada como reutilizada/equivalente.,administrativo/preguntas-por-tema/
184,Encaje directo,18,"Presupuesto: concepto, principios, estructura y modificaciones",,Sin estado individual público,,,False,101-200,91,Porcentaje agregado del bloque; no implica que esta pregunta concreta esté individualmente confirmada como reutilizada/equivalente.,administrativo/preguntas-por-tema/
185,Transversal,19,Ejecución del presupuesto de gastos,,Sin estado individual público,,,False,101-200,91,Porcentaje agregado del bloque; no implica que esta pregunta concreta esté individualmente confirmada como reutilizada/equivalente.,administrativo/preguntas-por-tema/
186,Transversal,18,"Presupuesto: concepto, principios, estructura y modificaciones",,Sin estado individual público,,,False,101-200,91,Porcentaje agregado del bloque; no implica que esta pregunta concreta esté individualmente confirmada como reutilizada/equivalente.,administrativo/preguntas-por-tema/
187,Encaje directo,19,Ejecución del presupuesto de gastos,,Sin estado individual público,,,False,101-200,91,Porcentaje agregado del bloque; no implica que esta pregunta concreta esté individualmente confirmada como reutilizada/equivalente.,administrativo/preguntas-por-tema/
188,Encaje directo,28,"Estatutos EHU: órganos unipersonales, servicios, centros y departamentos",,Corrección documentada,B,Estatutos UPV/EHU,False,101-200,91,Porcentaje agregado del bloque; no implica que esta pregunta concreta esté individualmente confirmada como reutilizada/equivalente.,administrativo/preguntas-dudosas/
189,Encaje directo,28,"Estatutos EHU: órganos unipersonales, servicios, centros y departamentos",,Sin estado individual público,,,False,101-200,91,Porcentaje agregado del bloque; no implica que esta pregunta concreta esté individualmente confirmada como reutilizada/equivalente.,administrativo/preguntas-por-tema/
190,Encaje directo,28,"Estatutos EHU: órganos unipersonales, servicios, centros y departamentos",,Sin estado individual público,,,False,101-200,91,Porcentaje agregado del bloque; no implica que esta pregunta concreta esté individualmente confirmada como reutilizada/equivalente.,administrativo/preguntas-por-tema/
191,Encaje directo,35,"Sistemas operativos, ofimática, datos, navegadores, correo y seguridad informática",,Sin estado individual público,,,False,101-200,91,Porcentaje agregado del bloque; no implica que esta pregunta concreta esté individualmente confirmada como reutilizada/equivalente.,administrativo/preguntas-por-tema/
192,Encaje directo,35,"Sistemas operativos, ofimática, datos, navegadores, correo y seguridad informática",,Sin estado individual público,,,False,101-200,91,Porcentaje agregado del bloque; no implica que esta pregunta concreta esté individualmente confirmada como reutilizada/equivalente.,administrativo/preguntas-por-tema/
193,Encaje directo,35,"Sistemas operativos, ofimática, datos, navegadores, correo y seguridad informática",,Sin estado individual público,,,False,101-200,91,Porcentaje agregado del bloque; no implica que esta pregunta concreta esté individualmente confirmada como reutilizada/equivalente.,administrativo/preguntas-por-tema/
194,Encaje directo,35,"Sistemas operativos, ofimática, datos, navegadores, correo y seguridad informática",,Sin estado individual público,,,False,101-200,91,Porcentaje agregado del bloque; no implica que esta pregunta concreta esté individualmente confirmada como reutilizada/equivalente.,administrativo/preguntas-por-tema/
195,Encaje directo,35,"Sistemas operativos, ofimática, datos, navegadores, correo y seguridad informática",,Sin estado individual público,,,False,101-200,91,Porcentaje agregado del bloque; no implica que esta pregunta concreta esté individualmente confirmada como reutilizada/equivalente.,administrativo/preguntas-por-tema/
196,Encaje directo,35,"Sistemas operativos, ofimática, datos, navegadores, correo y seguridad informática",,Sin estado individual público,,,False,101-200,91,Porcentaje agregado del bloque; no implica que esta pregunta concreta esté individualmente confirmada como reutilizada/equivalente.,administrativo/preguntas-por-tema/
197,Encaje directo,35,"Sistemas operativos, ofimática, datos, navegadores, correo y seguridad informática",,Sin estado individual público,,,False,101-200,91,Porcentaje agregado del bloque; no implica que esta pregunta concreta esté individualmente confirmada como reutilizada/equivalente.,administrativo/preguntas-por-tema/
198,Encaje directo,35,"Sistemas operativos, ofimática, datos, navegadores, correo y seguridad informática",,Sin estado individual público,,,False,101-200,91,Porcentaje agregado del bloque; no implica que esta pregunta concreta esté individualmente confirmada como reutilizada/equivalente.,administrativo/preguntas-por-tema/
199,Encaje directo,35,"Sistemas operativos, ofimática, datos, navegadores, correo y seguridad informática",,Sin estado individual público,,,False,101-200,91,Porcentaje agregado del bloque; no implica que esta pregunta concreta esté individualmente confirmada como reutilizada/equivalente.,administrativo/preguntas-por-tema/
200,Transversal,9,Ley 11/2022 de Empleo Público Vasco,,Sin estado individual público,,,False,101-200,91,Porcentaje agregado del bloque; no implica que esta pregunta concreta esté individualmente confirmada como reutilizada/equivalente.,administrativo/preguntas-por-tema/
201,Encaje directo,35,"Sistemas operativos, ofimática, datos, navegadores, correo y seguridad informática",,Sin estado individual público,,,False,201-300,95,Porcentaje agregado del bloque; no implica que esta pregunta concreta esté individualmente confirmada como reutilizada/equivalente.,administrativo/preguntas-por-tema/
202,Encaje directo,35,"Sistemas operativos, ofimática, datos, navegadores, correo y seguridad informática",,Sin estado individual público,,,False,201-300,95,Porcentaje agregado del bloque; no implica que esta pregunta concreta esté individualmente confirmada como reutilizada/equivalente.,administrativo/preguntas-por-tema/
203,Encaje directo,35,"Sistemas operativos, ofimática, datos, navegadores, correo y seguridad informática",,Sin estado individual público,,,False,201-300,95,Porcentaje agregado del bloque; no implica que esta pregunta concreta esté individualmente confirmada como reutilizada/equivalente.,administrativo/preguntas-por-tema/
204,Transversal,9,Ley 11/2022 de Empleo Público Vasco,,Sin estado individual público,,,False,201-300,95,Porcentaje agregado del bloque; no implica que esta pregunta concreta esté individualmente confirmada como reutilizada/equivalente.,administrativo/preguntas-por-tema/
205,Transversal,9,Ley 11/2022 de Empleo Público Vasco,,Sin estado individual público,,,False,201-300,95,Porcentaje agregado del bloque; no implica que esta pregunta concreta esté individualmente confirmada como reutilizada/equivalente.,administrativo/preguntas-por-tema/
206,Transversal,9,Ley 11/2022 de Empleo Público Vasco,,Sin estado individual público,,,False,201-300,95,Porcentaje agregado del bloque; no implica que esta pregunta concreta esté individualmente confirmada como reutilizada/equivalente.,administrativo/preguntas-por-tema/
207,Transversal,9,Ley 11/2022 de Empleo Público Vasco,,Sin estado individual público,,,False,201-300,95,Porcentaje agregado del bloque; no implica que esta pregunta concreta esté individualmente confirmada como reutilizada/equivalente.,administrativo/preguntas-por-tema/
208,Transversal,9,Ley 11/2022 de Empleo Público Vasco,,Sin estado individual público,,,False,201-300,95,Porcentaje agregado del bloque; no implica que esta pregunta concreta esté individualmente confirmada como reutilizada/equivalente.,administrativo/preguntas-por-tema/
209,Transversal,9,Ley 11/2022 de Empleo Público Vasco,,Sin estado individual público,,,False,201-300,95,Porcentaje agregado del bloque; no implica que esta pregunta concreta esté individualmente confirmada como reutilizada/equivalente.,administrativo/preguntas-por-tema/
210,Encaje directo,30,Comunicación y atención al público,,Sin estado individual público,,,False,201-300,95,Porcentaje agregado del bloque; no implica que esta pregunta concreta esté individualmente confirmada como reutilizada/equivalente.,administrativo/preguntas-por-tema/
211,Encaje directo,30,Comunicación y atención al público,,Sin estado individual público,,,False,201-300,95,Porcentaje agregado del bloque; no implica que esta pregunta concreta esté individualmente confirmada como reutilizada/equivalente.,administrativo/preguntas-por-tema/
212,Encaje directo,30,Comunicación y atención al público,,Sin estado individual público,,,False,201-300,95,Porcentaje agregado del bloque; no implica que esta pregunta concreta esté individualmente confirmada como reutilizada/equivalente.,administrativo/preguntas-por-tema/
213,Encaje directo,30,Comunicación y atención al público,,Sin estado individual público,,,False,201-300,95,Porcentaje agregado del bloque; no implica que esta pregunta concreta esté individualmente confirmada como reutilizada/equivalente.,administrativo/preguntas-por-tema/
214,Encaje directo,30,Comunicación y atención al público,,Sin estado individual público,,,False,201-300,95,Porcentaje agregado del bloque; no implica que esta pregunta concreta esté individualmente confirmada como reutilizada/equivalente.,administrativo/preguntas-por-tema/
215,Encaje directo,30,Comunicación y atención al público,,Sin estado individual público,,,False,201-300,95,Porcentaje agregado del bloque; no implica que esta pregunta concreta esté individualmente confirmada como reutilizada/equivalente.,administrativo/preguntas-por-tema/
216,Encaje directo,30,Comunicación y atención al público,,Sin estado individual público,,,False,201-300,95,Porcentaje agregado del bloque; no implica que esta pregunta concreta esté individualmente confirmada como reutilizada/equivalente.,administrativo/preguntas-por-tema/
217,Encaje directo,30,Comunicación y atención al público,,Sin estado individual público,,,False,201-300,95,Porcentaje agregado del bloque; no implica que esta pregunta concreta esté individualmente confirmada como reutilizada/equivalente.,administrativo/preguntas-por-tema/
218,Encaje directo,30,Comunicación y atención al público,,Sin estado individual público,,,False,201-300,95,Porcentaje agregado del bloque; no implica que esta pregunta concreta esté individualmente confirmada como reutilizada/equivalente.,administrativo/preguntas-por-tema/
219,Encaje directo,30,Comunicación y atención al público,,Sin estado individual público,,,False,201-300,95,Porcentaje agregado del bloque; no implica que esta pregunta concreta esté individualmente confirmada como reutilizada/equivalente.,administrativo/preguntas-por-tema/
220,Encaje directo,30,Comunicación y atención al público,,Sin estado individual público,,,False,201-300,95,Porcentaje agregado del bloque; no implica que esta pregunta concreta esté individualmente confirmada como reutilizada/equivalente.,administrativo/preguntas-por-tema/
221,Encaje directo,30,Comunicación y atención al público,,Sin estado individual público,,,False,201-300,95,Porcentaje agregado del bloque; no implica que esta pregunta concreta esté individualmente confirmada como reutilizada/equivalente.,administrativo/preguntas-por-tema/
222,Encaje directo,30,Comunicación y atención al público,,Sin estado individual público,,,False,201-300,95,Porcentaje agregado del bloque; no implica que esta pregunta concreta esté individualmente confirmada como reutilizada/equivalente.,administrativo/preguntas-por-tema/
223,Encaje directo,30,Comunicación y atención al público,,Sin estado individual público,,,False,201-300,95,Porcentaje agregado del bloque; no implica que esta pregunta concreta esté individualmente confirmada como reutilizada/equivalente.,administrativo/preguntas-por-tema/
224,Encaje directo,30,Comunicación y atención al público,,Sin estado individual público,,,False,201-300,95,Porcentaje agregado del bloque; no implica que esta pregunta concreta esté individualmente confirmada como reutilizada/equivalente.,administrativo/preguntas-por-tema/
225,Encaje directo,10,"Ley 39/2015: ámbito, interesados, actividad y actos administrativos",,Sin estado individual público,,,False,201-300,95,Porcentaje agregado del bloque; no implica que esta pregunta concreta esté individualmente confirmada como reutilizada/equivalente.,administrativo/preguntas-por-tema/
226,Encaje directo,30,Comunicación y atención al público,,Sin estado individual público,,,False,201-300,95,Porcentaje agregado del bloque; no implica que esta pregunta concreta esté individualmente confirmada como reutilizada/equivalente.,administrativo/preguntas-por-tema/
227,Encaje directo,30,Comunicación y atención al público,,Sin estado individual público,,,False,201-300,95,Porcentaje agregado del bloque; no implica que esta pregunta concreta esté individualmente confirmada como reutilizada/equivalente.,administrativo/preguntas-por-tema/
228,Encaje directo,29,Igualdad de género y violencia contra las mujeres,,Sin estado individual público,,,False,201-300,95,Porcentaje agregado del bloque; no implica que esta pregunta concreta esté individualmente confirmada como reutilizada/equivalente.,administrativo/preguntas-por-tema/
229,Encaje directo,29,Igualdad de género y violencia contra las mujeres,,Sin estado individual público,,,False,201-300,95,Porcentaje agregado del bloque; no implica que esta pregunta concreta esté individualmente confirmada como reutilizada/equivalente.,administrativo/preguntas-por-tema/
230,Encaje directo,29,Igualdad de género y violencia contra las mujeres,,Corrección documentada,B,DL 1/2023 de igualdad,False,201-300,95,Porcentaje agregado del bloque; no implica que esta pregunta concreta esté individualmente confirmada como reutilizada/equivalente.,administrativo/preguntas-dudosas/
231,Encaje directo,29,Igualdad de género y violencia contra las mujeres,,Sin estado individual público,,,False,201-300,95,Porcentaje agregado del bloque; no implica que esta pregunta concreta esté individualmente confirmada como reutilizada/equivalente.,administrativo/preguntas-por-tema/
232,Transversal,29,Igualdad de género y violencia contra las mujeres,,Sin estado individual público,,,False,201-300,95,Porcentaje agregado del bloque; no implica que esta pregunta concreta esté individualmente confirmada como reutilizada/equivalente.,administrativo/preguntas-por-tema/
233,Sin encaje directo,,Sin encaje directo en los 35 temas,"Prevención, emergencias, ergonomía o seguridad laboral",Sin estado individual público,,,False,201-300,95,Porcentaje agregado del bloque; no implica que esta pregunta concreta esté individualmente confirmada como reutilizada/equivalente.,administrativo/preguntas-por-tema/
234,Sin encaje directo,,Sin encaje directo en los 35 temas,"Prevención, emergencias, ergonomía o seguridad laboral",Sin estado individual público,,,False,201-300,95,Porcentaje agregado del bloque; no implica que esta pregunta concreta esté individualmente confirmada como reutilizada/equivalente.,administrativo/preguntas-por-tema/
235,Sin encaje directo,,Sin encaje directo en los 35 temas,"Prevención, emergencias, ergonomía o seguridad laboral",Sin estado individual público,,,False,201-300,95,Porcentaje agregado del bloque; no implica que esta pregunta concreta esté individualmente confirmada como reutilizada/equivalente.,administrativo/preguntas-por-tema/
236,Sin encaje directo,,Sin encaje directo en los 35 temas,"Prevención, emergencias, ergonomía o seguridad laboral",Sin estado individual público,,,False,201-300,95,Porcentaje agregado del bloque; no implica que esta pregunta concreta esté individualmente confirmada como reutilizada/equivalente.,administrativo/preguntas-por-tema/
237,Encaje directo,10,"Ley 39/2015: ámbito, interesados, actividad y actos administrativos",,Sin estado individual público,,,False,201-300,95,Porcentaje agregado del bloque; no implica que esta pregunta concreta esté individualmente confirmada como reutilizada/equivalente.,administrativo/preguntas-por-tema/
238,Encaje directo,10,"Ley 39/2015: ámbito, interesados, actividad y actos administrativos",,Sin estado individual público,,,False,201-300,95,Porcentaje agregado del bloque; no implica que esta pregunta concreta esté individualmente confirmada como reutilizada/equivalente.,administrativo/preguntas-por-tema/
239,Encaje directo,10,"Ley 39/2015: ámbito, interesados, actividad y actos administrativos",,Sin estado individual público,,,False,201-300,95,Porcentaje agregado del bloque; no implica que esta pregunta concreta esté individualmente confirmada como reutilizada/equivalente.,administrativo/preguntas-por-tema/
240,Encaje directo,10,"Ley 39/2015: ámbito, interesados, actividad y actos administrativos",,Sin estado individual público,,,False,201-300,95,Porcentaje agregado del bloque; no implica que esta pregunta concreta esté individualmente confirmada como reutilizada/equivalente.,administrativo/preguntas-por-tema/
241,Encaje directo,10,"Ley 39/2015: ámbito, interesados, actividad y actos administrativos",,Sin estado individual público,,,False,201-300,95,Porcentaje agregado del bloque; no implica que esta pregunta concreta esté individualmente confirmada como reutilizada/equivalente.,administrativo/preguntas-por-tema/
242,Encaje directo,10,"Ley 39/2015: ámbito, interesados, actividad y actos administrativos",,Sin estado individual público,,,False,201-300,95,Porcentaje agregado del bloque; no implica que esta pregunta concreta esté individualmente confirmada como reutilizada/equivalente.,administrativo/preguntas-por-tema/
243,Encaje directo,11,"Ley 39/2015: procedimiento, revisión, recursos y potestad normativa",,Sin estado individual público,,,False,201-300,95,Porcentaje agregado del bloque; no implica que esta pregunta concreta esté individualmente confirmada como reutilizada/equivalente.,administrativo/preguntas-por-tema/
244,Encaje directo,10,"Ley 39/2015: ámbito, interesados, actividad y actos administrativos",,Sin estado individual público,,,False,201-300,95,Porcentaje agregado del bloque; no implica que esta pregunta concreta esté individualmente confirmada como reutilizada/equivalente.,administrativo/preguntas-por-tema/
245,Encaje directo,10,"Ley 39/2015: ámbito, interesados, actividad y actos administrativos",,Sin estado individual público,,,False,201-300,95,Porcentaje agregado del bloque; no implica que esta pregunta concreta esté individualmente confirmada como reutilizada/equivalente.,administrativo/preguntas-por-tema/
246,Encaje directo,10,"Ley 39/2015: ámbito, interesados, actividad y actos administrativos",,Sin estado individual público,,,False,201-300,95,Porcentaje agregado del bloque; no implica que esta pregunta concreta esté individualmente confirmada como reutilizada/equivalente.,administrativo/preguntas-por-tema/
247,Encaje directo,10,"Ley 39/2015: ámbito, interesados, actividad y actos administrativos",,Sin estado individual público,,,False,201-300,95,Porcentaje agregado del bloque; no implica que esta pregunta concreta esté individualmente confirmada como reutilizada/equivalente.,administrativo/preguntas-por-tema/
248,Encaje directo,10,"Ley 39/2015: ámbito, interesados, actividad y actos administrativos",,Sin estado individual público,,,False,201-300,95,Porcentaje agregado del bloque; no implica que esta pregunta concreta esté individualmente confirmada como reutilizada/equivalente.,administrativo/preguntas-por-tema/
249,Encaje directo,10,"Ley 39/2015: ámbito, interesados, actividad y actos administrativos",,Sin estado individual público,,,False,201-300,95,Porcentaje agregado del bloque; no implica que esta pregunta concreta esté individualmente confirmada como reutilizada/equivalente.,administrativo/preguntas-por-tema/
250,Encaje directo,10,"Ley 39/2015: ámbito, interesados, actividad y actos administrativos",,Sin estado individual público,,,False,201-300,95,Porcentaje agregado del bloque; no implica que esta pregunta concreta esté individualmente confirmada como reutilizada/equivalente.,administrativo/preguntas-por-tema/
251,Transversal,12,Ley 40/2015: disposiciones generales y órganos administrativos,,Sin estado individual público,,,False,201-300,95,Porcentaje agregado del bloque; no implica que esta pregunta concreta esté individualmente confirmada como reutilizada/equivalente.,administrativo/preguntas-por-tema/
252,Transversal,12,Ley 40/2015: disposiciones generales y órganos administrativos,,Sin estado individual público,,,False,201-300,95,Porcentaje agregado del bloque; no implica que esta pregunta concreta esté individualmente confirmada como reutilizada/equivalente.,administrativo/preguntas-por-tema/
253,Transversal,12,Ley 40/2015: disposiciones generales y órganos administrativos,,Sin estado individual público,,,False,201-300,95,Porcentaje agregado del bloque; no implica que esta pregunta concreta esté individualmente confirmada como reutilizada/equivalente.,administrativo/preguntas-por-tema/
254,Transversal,12,Ley 40/2015: disposiciones generales y órganos administrativos,,Sin estado individual público,,,False,201-300,95,Porcentaje agregado del bloque; no implica que esta pregunta concreta esté individualmente confirmada como reutilizada/equivalente.,administrativo/preguntas-por-tema/
255,Transversal,12,Ley 40/2015: disposiciones generales y órganos administrativos,,Sin estado individual público,,,False,201-300,95,Porcentaje agregado del bloque; no implica que esta pregunta concreta esté individualmente confirmada como reutilizada/equivalente.,administrativo/preguntas-por-tema/
256,Encaje directo,31,"Relaciones ciudadanía-Administración, información, transparencia y acceso electrónico",,Sin estado individual público,,,False,201-300,95,Porcentaje agregado del bloque; no implica que esta pregunta concreta esté individualmente confirmada como reutilizada/equivalente.,administrativo/preguntas-por-tema/
257,Encaje directo,31,"Relaciones ciudadanía-Administración, información, transparencia y acceso electrónico",,Sin estado individual público,,,False,201-300,95,Porcentaje agregado del bloque; no implica que esta pregunta concreta esté individualmente confirmada como reutilizada/equivalente.,administrativo/preguntas-por-tema/
258,Encaje directo,31,"Relaciones ciudadanía-Administración, información, transparencia y acceso electrónico",,Sin estado individual público,,,False,201-300,95,Porcentaje agregado del bloque; no implica que esta pregunta concreta esté individualmente confirmada como reutilizada/equivalente.,administrativo/preguntas-por-tema/
259,Transversal,32,"Gestión de documentos, registros e identidad corporativa",,Sin estado individual público,,,False,201-300,95,Porcentaje agregado del bloque; no implica que esta pregunta concreta esté individualmente confirmada como reutilizada/equivalente.,administrativo/preguntas-por-tema/
260,Encaje directo,10,"Ley 39/2015: ámbito, interesados, actividad y actos administrativos",,Sin estado individual público,,,False,201-300,95,Porcentaje agregado del bloque; no implica que esta pregunta concreta esté individualmente confirmada como reutilizada/equivalente.,administrativo/preguntas-por-tema/
261,Encaje directo,11,"Ley 39/2015: procedimiento, revisión, recursos y potestad normativa",,Sin estado individual público,,,False,201-300,95,Porcentaje agregado del bloque; no implica que esta pregunta concreta esté individualmente confirmada como reutilizada/equivalente.,administrativo/preguntas-por-tema/
262,Encaje directo,11,"Ley 39/2015: procedimiento, revisión, recursos y potestad normativa",,Sin estado individual público,,,False,201-300,95,Porcentaje agregado del bloque; no implica que esta pregunta concreta esté individualmente confirmada como reutilizada/equivalente.,administrativo/preguntas-por-tema/
263,Encaje directo,9,Ley 11/2022 de Empleo Público Vasco,,Sin estado individual público,,,False,201-300,95,Porcentaje agregado del bloque; no implica que esta pregunta concreta esté individualmente confirmada como reutilizada/equivalente.,administrativo/preguntas-por-tema/
264,Transversal,23,"LOSU: gobernanza, cooperación, coordinación y participación",,Sin estado individual público,,,False,201-300,95,Porcentaje agregado del bloque; no implica que esta pregunta concreta esté individualmente confirmada como reutilizada/equivalente.,administrativo/preguntas-por-tema/
265,Encaje directo,31,"Relaciones ciudadanía-Administración, información, transparencia y acceso electrónico",,Sin estado individual público,,,False,201-300,95,Porcentaje agregado del bloque; no implica que esta pregunta concreta esté individualmente confirmada como reutilizada/equivalente.,administrativo/preguntas-por-tema/
266,Encaje directo,31,"Relaciones ciudadanía-Administración, información, transparencia y acceso electrónico",,Sin estado individual público,,,False,201-300,95,Porcentaje agregado del bloque; no implica que esta pregunta concreta esté individualmente confirmada como reutilizada/equivalente.,administrativo/preguntas-por-tema/
267,Encaje directo,31,"Relaciones ciudadanía-Administración, información, transparencia y acceso electrónico",,Sin estado individual público,,,False,201-300,95,Porcentaje agregado del bloque; no implica que esta pregunta concreta esté individualmente confirmada como reutilizada/equivalente.,administrativo/preguntas-por-tema/
268,Encaje directo,31,"Relaciones ciudadanía-Administración, información, transparencia y acceso electrónico",,Sin estado individual público,,,False,201-300,95,Porcentaje agregado del bloque; no implica que esta pregunta concreta esté individualmente confirmada como reutilizada/equivalente.,administrativo/preguntas-por-tema/
269,Encaje directo,31,"Relaciones ciudadanía-Administración, información, transparencia y acceso electrónico",,Sin estado individual público,,,False,201-300,95,Porcentaje agregado del bloque; no implica que esta pregunta concreta esté individualmente confirmada como reutilizada/equivalente.,administrativo/preguntas-por-tema/
270,Encaje directo,31,"Relaciones ciudadanía-Administración, información, transparencia y acceso electrónico",,Sin estado individual público,,,False,201-300,95,Porcentaje agregado del bloque; no implica que esta pregunta concreta esté individualmente confirmada como reutilizada/equivalente.,administrativo/preguntas-por-tema/
271,Encaje directo,31,"Relaciones ciudadanía-Administración, información, transparencia y acceso electrónico",,Sin estado individual público,,,False,201-300,95,Porcentaje agregado del bloque; no implica que esta pregunta concreta esté individualmente confirmada como reutilizada/equivalente.,administrativo/preguntas-por-tema/
272,Encaje directo,32,"Gestión de documentos, registros e identidad corporativa",,Sin estado individual público,,,False,201-300,95,Porcentaje agregado del bloque; no implica que esta pregunta concreta esté individualmente confirmada como reutilizada/equivalente.,administrativo/preguntas-por-tema/
273,Encaje directo,32,"Gestión de documentos, registros e identidad corporativa",,Sin estado individual público,,,False,201-300,95,Porcentaje agregado del bloque; no implica que esta pregunta concreta esté individualmente confirmada como reutilizada/equivalente.,administrativo/preguntas-por-tema/
274,Encaje directo,32,"Gestión de documentos, registros e identidad corporativa",,Sin estado individual público,,,False,201-300,95,Porcentaje agregado del bloque; no implica que esta pregunta concreta esté individualmente confirmada como reutilizada/equivalente.,administrativo/preguntas-por-tema/
275,Encaje directo,31,"Relaciones ciudadanía-Administración, información, transparencia y acceso electrónico",,Sin estado individual público,,,False,201-300,95,Porcentaje agregado del bloque; no implica que esta pregunta concreta esté individualmente confirmada como reutilizada/equivalente.,administrativo/preguntas-por-tema/
276,Encaje directo,31,"Relaciones ciudadanía-Administración, información, transparencia y acceso electrónico",,Sin estado individual público,,,False,201-300,95,Porcentaje agregado del bloque; no implica que esta pregunta concreta esté individualmente confirmada como reutilizada/equivalente.,administrativo/preguntas-por-tema/
277,Encaje directo,31,"Relaciones ciudadanía-Administración, información, transparencia y acceso electrónico",,Sin estado individual público,,,False,201-300,95,Porcentaje agregado del bloque; no implica que esta pregunta concreta esté individualmente confirmada como reutilizada/equivalente.,administrativo/preguntas-por-tema/
278,Encaje directo,31,"Relaciones ciudadanía-Administración, información, transparencia y acceso electrónico",,Sin estado individual público,,,False,201-300,95,Porcentaje agregado del bloque; no implica que esta pregunta concreta esté individualmente confirmada como reutilizada/equivalente.,administrativo/preguntas-por-tema/
279,Encaje directo,31,"Relaciones ciudadanía-Administración, información, transparencia y acceso electrónico",,Sin estado individual público,,,False,201-300,95,Porcentaje agregado del bloque; no implica que esta pregunta concreta esté individualmente confirmada como reutilizada/equivalente.,administrativo/preguntas-por-tema/
280,Encaje directo,31,"Relaciones ciudadanía-Administración, información, transparencia y acceso electrónico",,Sin estado individual público,,,False,201-300,95,Porcentaje agregado del bloque; no implica que esta pregunta concreta esté individualmente confirmada como reutilizada/equivalente.,administrativo/preguntas-por-tema/
281,Encaje directo,31,"Relaciones ciudadanía-Administración, información, transparencia y acceso electrónico",,Sin estado individual público,,,False,201-300,95,Porcentaje agregado del bloque; no implica que esta pregunta concreta esté individualmente confirmada como reutilizada/equivalente.,administrativo/preguntas-por-tema/
282,Encaje directo,31,"Relaciones ciudadanía-Administración, información, transparencia y acceso electrónico",,Sin estado individual público,,,False,201-300,95,Porcentaje agregado del bloque; no implica que esta pregunta concreta esté individualmente confirmada como reutilizada/equivalente.,administrativo/preguntas-por-tema/
283,Encaje directo,31,"Relaciones ciudadanía-Administración, información, transparencia y acceso electrónico",,Sin estado individual público,,,False,201-300,95,Porcentaje agregado del bloque; no implica que esta pregunta concreta esté individualmente confirmada como reutilizada/equivalente.,administrativo/preguntas-por-tema/
284,Encaje directo,31,"Relaciones ciudadanía-Administración, información, transparencia y acceso electrónico",,Sin estado individual público,,,False,201-300,95,Porcentaje agregado del bloque; no implica que esta pregunta concreta esté individualmente confirmada como reutilizada/equivalente.,administrativo/preguntas-por-tema/
285,Encaje directo,31,"Relaciones ciudadanía-Administración, información, transparencia y acceso electrónico",,Sin estado individual público,,,False,201-300,95,Porcentaje agregado del bloque; no implica que esta pregunta concreta esté individualmente confirmada como reutilizada/equivalente.,administrativo/preguntas-por-tema/
286,Encaje directo,31,"Relaciones ciudadanía-Administración, información, transparencia y acceso electrónico",,Sin estado individual público,,,False,201-300,95,Porcentaje agregado del bloque; no implica que esta pregunta concreta esté individualmente confirmada como reutilizada/equivalente.,administrativo/preguntas-por-tema/
287,Encaje directo,31,"Relaciones ciudadanía-Administración, información, transparencia y acceso electrónico",,Sin estado individual público,,,False,201-300,95,Porcentaje agregado del bloque; no implica que esta pregunta concreta esté individualmente confirmada como reutilizada/equivalente.,administrativo/preguntas-por-tema/
288,Encaje directo,31,"Relaciones ciudadanía-Administración, información, transparencia y acceso electrónico",,Sin estado individual público,,,False,201-300,95,Porcentaje agregado del bloque; no implica que esta pregunta concreta esté individualmente confirmada como reutilizada/equivalente.,administrativo/preguntas-por-tema/
289,Encaje directo,31,"Relaciones ciudadanía-Administración, información, transparencia y acceso electrónico",,Sin estado individual público,,,False,201-300,95,Porcentaje agregado del bloque; no implica que esta pregunta concreta esté individualmente confirmada como reutilizada/equivalente.,administrativo/preguntas-por-tema/
290,Encaje directo,7,Protección de datos y derechos digitales,,Sin estado individual público,,,False,201-300,95,Porcentaje agregado del bloque; no implica que esta pregunta concreta esté individualmente confirmada como reutilizada/equivalente.,administrativo/preguntas-por-tema/
291,Encaje directo,7,Protección de datos y derechos digitales,,Sin estado individual público,,,False,201-300,95,Porcentaje agregado del bloque; no implica que esta pregunta concreta esté individualmente confirmada como reutilizada/equivalente.,administrativo/preguntas-por-tema/
292,Encaje directo,7,Protección de datos y derechos digitales,,Sin estado individual público,,,False,201-300,95,Porcentaje agregado del bloque; no implica que esta pregunta concreta esté individualmente confirmada como reutilizada/equivalente.,administrativo/preguntas-por-tema/
293,Encaje directo,7,Protección de datos y derechos digitales,,Sin estado individual público,,,False,201-300,95,Porcentaje agregado del bloque; no implica que esta pregunta concreta esté individualmente confirmada como reutilizada/equivalente.,administrativo/preguntas-por-tema/
294,Encaje directo,7,Protección de datos y derechos digitales,,Sin estado individual público,,,False,201-300,95,Porcentaje agregado del bloque; no implica que esta pregunta concreta esté individualmente confirmada como reutilizada/equivalente.,administrativo/preguntas-por-tema/
295,Encaje directo,7,Protección de datos y derechos digitales,,Sin estado individual público,,,False,201-300,95,Porcentaje agregado del bloque; no implica que esta pregunta concreta esté individualmente confirmada como reutilizada/equivalente.,administrativo/preguntas-por-tema/
296,Encaje directo,7,Protección de datos y derechos digitales,,Sin estado individual público,,,False,201-300,95,Porcentaje agregado del bloque; no implica que esta pregunta concreta esté individualmente confirmada como reutilizada/equivalente.,administrativo/preguntas-por-tema/
297,Encaje directo,7,Protección de datos y derechos digitales,,Sin estado individual público,,,False,201-300,95,Porcentaje agregado del bloque; no implica que esta pregunta concreta esté individualmente confirmada como reutilizada/equivalente.,administrativo/preguntas-por-tema/
298,Encaje directo,7,Protección de datos y derechos digitales,,Sin estado individual público,,,False,201-300,95,Porcentaje agregado del bloque; no implica que esta pregunta concreta esté individualmente confirmada como reutilizada/equivalente.,administrativo/preguntas-por-tema/
299,Encaje directo,31,"Relaciones ciudadanía-Administración, información, transparencia y acceso electrónico",,Sin estado individual público,,,False,201-300,95,Porcentaje agregado del bloque; no implica que esta pregunta concreta esté individualmente confirmada como reutilizada/equivalente.,administrativo/preguntas-por-tema/
300,Encaje directo,31,"Relaciones ciudadanía-Administración, información, transparencia y acceso electrónico",,Sin estado individual público,,,False,201-300,95,Porcentaje agregado del bloque; no implica que esta pregunta concreta esté individualmente confirmada como reutilizada/equivalente.,administrativo/preguntas-por-tema/
301,Encaje directo,31,"Relaciones ciudadanía-Administración, información, transparencia y acceso electrónico",,Sin estado individual público,,,False,301-400,97,Porcentaje agregado del bloque; no implica que esta pregunta concreta esté individualmente confirmada como reutilizada/equivalente.,administrativo/preguntas-por-tema/
302,Encaje directo,7,Protección de datos y derechos digitales,,Sin estado individual público,,,False,301-400,97,Porcentaje agregado del bloque; no implica que esta pregunta concreta esté individualmente confirmada como reutilizada/equivalente.,administrativo/preguntas-por-tema/
303,Encaje directo,31,"Relaciones ciudadanía-Administración, información, transparencia y acceso electrónico",,Sin estado individual público,,,False,301-400,97,Porcentaje agregado del bloque; no implica que esta pregunta concreta esté individualmente confirmada como reutilizada/equivalente.,administrativo/preguntas-por-tema/
304,Encaje directo,30,Comunicación y atención al público,,Sin estado individual público,,,False,301-400,97,Porcentaje agregado del bloque; no implica que esta pregunta concreta esté individualmente confirmada como reutilizada/equivalente.,administrativo/preguntas-por-tema/
305,Encaje directo,30,Comunicación y atención al público,,Sin estado individual público,,,False,301-400,97,Porcentaje agregado del bloque; no implica que esta pregunta concreta esté individualmente confirmada como reutilizada/equivalente.,administrativo/preguntas-por-tema/
306,Encaje directo,30,Comunicación y atención al público,,Sin estado individual público,,,False,301-400,97,Porcentaje agregado del bloque; no implica que esta pregunta concreta esté individualmente confirmada como reutilizada/equivalente.,administrativo/preguntas-por-tema/
307,Encaje directo,30,Comunicación y atención al público,,Sin estado individual público,,,False,301-400,97,Porcentaje agregado del bloque; no implica que esta pregunta concreta esté individualmente confirmada como reutilizada/equivalente.,administrativo/preguntas-por-tema/
308,Encaje directo,30,Comunicación y atención al público,,Sin estado individual público,,,False,301-400,97,Porcentaje agregado del bloque; no implica que esta pregunta concreta esté individualmente confirmada como reutilizada/equivalente.,administrativo/preguntas-por-tema/
309,Encaje directo,30,Comunicación y atención al público,,Sin estado individual público,,,False,301-400,97,Porcentaje agregado del bloque; no implica que esta pregunta concreta esté individualmente confirmada como reutilizada/equivalente.,administrativo/preguntas-por-tema/
310,Encaje directo,30,Comunicación y atención al público,,Sin estado individual público,,,False,301-400,97,Porcentaje agregado del bloque; no implica que esta pregunta concreta esté individualmente confirmada como reutilizada/equivalente.,administrativo/preguntas-por-tema/
311,Encaje directo,31,"Relaciones ciudadanía-Administración, información, transparencia y acceso electrónico",,Sin estado individual público,,,False,301-400,97,Porcentaje agregado del bloque; no implica que esta pregunta concreta esté individualmente confirmada como reutilizada/equivalente.,administrativo/preguntas-por-tema/
312,Encaje directo,31,"Relaciones ciudadanía-Administración, información, transparencia y acceso electrónico",,Sin estado individual público,,,False,301-400,97,Porcentaje agregado del bloque; no implica que esta pregunta concreta esté individualmente confirmada como reutilizada/equivalente.,administrativo/preguntas-por-tema/
313,Encaje directo,32,"Gestión de documentos, registros e identidad corporativa",,Corrección documentada,C,Evidencia histórica LAB UPV/EHU + contraste,False,301-400,97,Porcentaje agregado del bloque; no implica que esta pregunta concreta esté individualmente confirmada como reutilizada/equivalente.,administrativo/preguntas-dudosas/
314,Encaje directo,10,"Ley 39/2015: ámbito, interesados, actividad y actos administrativos",,Sin estado individual público,,,False,301-400,97,Porcentaje agregado del bloque; no implica que esta pregunta concreta esté individualmente confirmada como reutilizada/equivalente.,administrativo/preguntas-por-tema/
315,Sin encaje directo,,Sin encaje directo en los 35 temas,IVA,Sin estado individual público,,,False,301-400,97,Porcentaje agregado del bloque; no implica que esta pregunta concreta esté individualmente confirmada como reutilizada/equivalente.,administrativo/preguntas-por-tema/
316,Sin encaje directo,,Sin encaje directo en los 35 temas,"Stock, albaranes y recepción de mercancías",Sin estado individual público,,,False,301-400,97,Porcentaje agregado del bloque; no implica que esta pregunta concreta esté individualmente confirmada como reutilizada/equivalente.,administrativo/preguntas-por-tema/
317,Sin encaje directo,,Sin encaje directo en los 35 temas,"Stock, albaranes y recepción de mercancías",Sin estado individual público,,,False,301-400,97,Porcentaje agregado del bloque; no implica que esta pregunta concreta esté individualmente confirmada como reutilizada/equivalente.,administrativo/preguntas-por-tema/
318,Sin encaje directo,,Sin encaje directo en los 35 temas,"Stock, albaranes y recepción de mercancías",Sin estado individual público,,,False,301-400,97,Porcentaje agregado del bloque; no implica que esta pregunta concreta esté individualmente confirmada como reutilizada/equivalente.,administrativo/preguntas-por-tema/
319,Sin encaje directo,,Sin encaje directo en los 35 temas,"Stock, albaranes y recepción de mercancías",Sin estado individual público,,,False,301-400,97,Porcentaje agregado del bloque; no implica que esta pregunta concreta esté individualmente confirmada como reutilizada/equivalente.,administrativo/preguntas-por-tema/
320,Sin encaje directo,,Sin encaje directo en los 35 temas,"Stock, albaranes y recepción de mercancías",Sin estado individual público,,,False,301-400,97,Porcentaje agregado del bloque; no implica que esta pregunta concreta esté individualmente confirmada como reutilizada/equivalente.,administrativo/preguntas-por-tema/
321,Sin encaje directo,,Sin encaje directo en los 35 temas,"Prevención, emergencias, ergonomía o seguridad laboral",Sin estado individual público,,,False,301-400,97,Porcentaje agregado del bloque; no implica que esta pregunta concreta esté individualmente confirmada como reutilizada/equivalente.,administrativo/preguntas-por-tema/
322,Sin encaje directo,,Sin encaje directo en los 35 temas,"Prevención, emergencias, ergonomía o seguridad laboral",Sin estado individual público,,,False,301-400,97,Porcentaje agregado del bloque; no implica que esta pregunta concreta esté individualmente confirmada como reutilizada/equivalente.,administrativo/preguntas-por-tema/
323,Sin encaje directo,,Sin encaje directo en los 35 temas,"Prevención, emergencias, ergonomía o seguridad laboral",Sin estado individual público,,,False,301-400,97,Porcentaje agregado del bloque; no implica que esta pregunta concreta esté individualmente confirmada como reutilizada/equivalente.,administrativo/preguntas-por-tema/
324,Sin encaje directo,,Sin encaje directo en los 35 temas,"Prevención, emergencias, ergonomía o seguridad laboral",Sin estado individual público,,,False,301-400,97,Porcentaje agregado del bloque; no implica que esta pregunta concreta esté individualmente confirmada como reutilizada/equivalente.,administrativo/preguntas-por-tema/
325,Sin encaje directo,,Sin encaje directo en los 35 temas,"Prevención, emergencias, ergonomía o seguridad laboral",Sin estado individual público,,,False,301-400,97,Porcentaje agregado del bloque; no implica que esta pregunta concreta esté individualmente confirmada como reutilizada/equivalente.,administrativo/preguntas-por-tema/
326,Sin encaje directo,,Sin encaje directo en los 35 temas,"Prevención, emergencias, ergonomía o seguridad laboral",Sin estado individual público,,,False,301-400,97,Porcentaje agregado del bloque; no implica que esta pregunta concreta esté individualmente confirmada como reutilizada/equivalente.,administrativo/preguntas-por-tema/
327,Sin encaje directo,,Sin encaje directo en los 35 temas,"Prevención, emergencias, ergonomía o seguridad laboral",Sin estado individual público,,,False,301-400,97,Porcentaje agregado del bloque; no implica que esta pregunta concreta esté individualmente confirmada como reutilizada/equivalente.,administrativo/preguntas-por-tema/
328,Sin encaje directo,,Sin encaje directo en los 35 temas,"Prevención, emergencias, ergonomía o seguridad laboral",Sin estado individual público,,,False,301-400,97,Porcentaje agregado del bloque; no implica que esta pregunta concreta esté individualmente confirmada como reutilizada/equivalente.,administrativo/preguntas-por-tema/
329,Sin encaje directo,,Sin encaje directo en los 35 temas,"Prevención, emergencias, ergonomía o seguridad laboral",Sin estado individual público,,,False,301-400,97,Porcentaje agregado del bloque; no implica que esta pregunta concreta esté individualmente confirmada como reutilizada/equivalente.,administrativo/preguntas-por-tema/
330,Sin encaje directo,,Sin encaje directo en los 35 temas,"Prevención, emergencias, ergonomía o seguridad laboral",Sin estado individual público,,,False,301-400,97,Porcentaje agregado del bloque; no implica que esta pregunta concreta esté individualmente confirmada como reutilizada/equivalente.,administrativo/preguntas-por-tema/
331,Sin encaje directo,,Sin encaje directo en los 35 temas,"Prevención, emergencias, ergonomía o seguridad laboral",Sin estado individual público,,,False,301-400,97,Porcentaje agregado del bloque; no implica que esta pregunta concreta esté individualmente confirmada como reutilizada/equivalente.,administrativo/preguntas-por-tema/
332,Sin encaje directo,,Sin encaje directo en los 35 temas,"Prevención, emergencias, ergonomía o seguridad laboral",Sin estado individual público,,,False,301-400,97,Porcentaje agregado del bloque; no implica que esta pregunta concreta esté individualmente confirmada como reutilizada/equivalente.,administrativo/preguntas-por-tema/
333,Sin encaje directo,,Sin encaje directo en los 35 temas,"Prevención, emergencias, ergonomía o seguridad laboral",Sin estado individual público,,,False,301-400,97,Porcentaje agregado del bloque; no implica que esta pregunta concreta esté individualmente confirmada como reutilizada/equivalente.,administrativo/preguntas-por-tema/
334,Sin encaje directo,,Sin encaje directo en los 35 temas,"Prevención, emergencias, ergonomía o seguridad laboral",Sin estado individual público,,,False,301-400,97,Porcentaje agregado del bloque; no implica que esta pregunta concreta esté individualmente confirmada como reutilizada/equivalente.,administrativo/preguntas-por-tema/
335,Sin encaje directo,,Sin encaje directo en los 35 temas,"Prevención, emergencias, ergonomía o seguridad laboral",Sin estado individual público,,,False,301-400,97,Porcentaje agregado del bloque; no implica que esta pregunta concreta esté individualmente confirmada como reutilizada/equivalente.,administrativo/preguntas-por-tema/
336,Sin encaje directo,,Sin encaje directo en los 35 temas,"Prevención, emergencias, ergonomía o seguridad laboral",Sin estado individual público,,,False,301-400,97,Porcentaje agregado del bloque; no implica que esta pregunta concreta esté individualmente confirmada como reutilizada/equivalente.,administrativo/preguntas-por-tema/
337,Sin encaje directo,,Sin encaje directo en los 35 temas,"Prevención, emergencias, ergonomía o seguridad laboral",Sin estado individual público,,,False,301-400,97,Porcentaje agregado del bloque; no implica que esta pregunta concreta esté individualmente confirmada como reutilizada/equivalente.,administrativo/preguntas-por-tema/
338,Sin encaje directo,,Sin encaje directo en los 35 temas,"Prevención, emergencias, ergonomía o seguridad laboral",Sin estado individual público,,,False,301-400,97,Porcentaje agregado del bloque; no implica que esta pregunta concreta esté individualmente confirmada como reutilizada/equivalente.,administrativo/preguntas-por-tema/
339,Sin encaje directo,,Sin encaje directo en los 35 temas,"Prevención, emergencias, ergonomía o seguridad laboral",Sin estado individual público,,,False,301-400,97,Porcentaje agregado del bloque; no implica que esta pregunta concreta esté individualmente confirmada como reutilizada/equivalente.,administrativo/preguntas-por-tema/
340,Sin encaje directo,,Sin encaje directo en los 35 temas,"Prevención, emergencias, ergonomía o seguridad laboral",Sin estado individual público,,,False,301-400,97,Porcentaje agregado del bloque; no implica que esta pregunta concreta esté individualmente confirmada como reutilizada/equivalente.,administrativo/preguntas-por-tema/
341,Sin encaje directo,,Sin encaje directo en los 35 temas,"Prevención, emergencias, ergonomía o seguridad laboral",Sin estado individual público,,,False,301-400,97,Porcentaje agregado del bloque; no implica que esta pregunta concreta esté individualmente confirmada como reutilizada/equivalente.,administrativo/preguntas-por-tema/
342,Sin encaje directo,,Sin encaje directo en los 35 temas,"Prevención, emergencias, ergonomía o seguridad laboral",Sin estado individual público,,,False,301-400,97,Porcentaje agregado del bloque; no implica que esta pregunta concreta esté individualmente confirmada como reutilizada/equivalente.,administrativo/preguntas-por-tema/
343,Sin encaje directo,,Sin encaje directo en los 35 temas,"Prevención, emergencias, ergonomía o seguridad laboral",Sin estado individual público,,,False,301-400,97,Porcentaje agregado del bloque; no implica que esta pregunta concreta esté individualmente confirmada como reutilizada/equivalente.,administrativo/preguntas-por-tema/
344,Sin encaje directo,,Sin encaje directo en los 35 temas,"Prevención, emergencias, ergonomía o seguridad laboral",Sin estado individual público,,,False,301-400,97,Porcentaje agregado del bloque; no implica que esta pregunta concreta esté individualmente confirmada como reutilizada/equivalente.,administrativo/preguntas-por-tema/
345,Sin encaje directo,,Sin encaje directo en los 35 temas,"Prevención, emergencias, ergonomía o seguridad laboral",Sin estado individual público,,,False,301-400,97,Porcentaje agregado del bloque; no implica que esta pregunta concreta esté individualmente confirmada como reutilizada/equivalente.,administrativo/preguntas-por-tema/
346,Sin encaje directo,,Sin encaje directo en los 35 temas,"Prevención, emergencias, ergonomía o seguridad laboral",Sin estado individual público,,,False,301-400,97,Porcentaje agregado del bloque; no implica que esta pregunta concreta esté individualmente confirmada como reutilizada/equivalente.,administrativo/preguntas-por-tema/
347,Sin encaje directo,,Sin encaje directo en los 35 temas,"Prevención, emergencias, ergonomía o seguridad laboral",Sin estado individual público,,,False,301-400,97,Porcentaje agregado del bloque; no implica que esta pregunta concreta esté individualmente confirmada como reutilizada/equivalente.,administrativo/preguntas-por-tema/
348,Sin encaje directo,,Sin encaje directo en los 35 temas,Reprografía y papel,Sin estado individual público,,,False,301-400,97,Porcentaje agregado del bloque; no implica que esta pregunta concreta esté individualmente confirmada como reutilizada/equivalente.,administrativo/preguntas-por-tema/
349,Sin encaje directo,,Sin encaje directo en los 35 temas,Reprografía y papel,Sin estado individual público,,,False,301-400,97,Porcentaje agregado del bloque; no implica que esta pregunta concreta esté individualmente confirmada como reutilizada/equivalente.,administrativo/preguntas-por-tema/
350,Sin encaje directo,,Sin encaje directo en los 35 temas,Reprografía y papel,Sin estado individual público,,,False,301-400,97,Porcentaje agregado del bloque; no implica que esta pregunta concreta esté individualmente confirmada como reutilizada/equivalente.,administrativo/preguntas-por-tema/
351,Sin encaje directo,,Sin encaje directo en los 35 temas,Reprografía y papel,Sin estado individual público,,,False,301-400,97,Porcentaje agregado del bloque; no implica que esta pregunta concreta esté individualmente confirmada como reutilizada/equivalente.,administrativo/preguntas-por-tema/
352,Transversal,33,Archivo y Manual de archivo de gestión EHU,,Sin estado individual público,,,False,301-400,97,Porcentaje agregado del bloque; no implica que esta pregunta concreta esté individualmente confirmada como reutilizada/equivalente.,administrativo/preguntas-por-tema/
353,Encaje directo,33,Archivo y Manual de archivo de gestión EHU,,Sin estado individual público,,,False,301-400,97,Porcentaje agregado del bloque; no implica que esta pregunta concreta esté individualmente confirmada como reutilizada/equivalente.,administrativo/preguntas-por-tema/
354,Encaje directo,33,Archivo y Manual de archivo de gestión EHU,,Sin estado individual público,,,False,301-400,97,Porcentaje agregado del bloque; no implica que esta pregunta concreta esté individualmente confirmada como reutilizada/equivalente.,administrativo/preguntas-por-tema/
355,Encaje directo,30,Comunicación y atención al público,,Sin estado individual público,,,False,301-400,97,Porcentaje agregado del bloque; no implica que esta pregunta concreta esté individualmente confirmada como reutilizada/equivalente.,administrativo/preguntas-por-tema/
356,Encaje directo,30,Comunicación y atención al público,,Sin estado individual público,,,False,301-400,97,Porcentaje agregado del bloque; no implica que esta pregunta concreta esté individualmente confirmada como reutilizada/equivalente.,administrativo/preguntas-por-tema/
357,Encaje directo,30,Comunicación y atención al público,,Sin estado individual público,,,False,301-400,97,Porcentaje agregado del bloque; no implica que esta pregunta concreta esté individualmente confirmada como reutilizada/equivalente.,administrativo/preguntas-por-tema/
358,Encaje directo,30,Comunicación y atención al público,,Sin estado individual público,,,False,301-400,97,Porcentaje agregado del bloque; no implica que esta pregunta concreta esté individualmente confirmada como reutilizada/equivalente.,administrativo/preguntas-por-tema/
359,Encaje directo,30,Comunicación y atención al público,,Sin estado individual público,,,False,301-400,97,Porcentaje agregado del bloque; no implica que esta pregunta concreta esté individualmente confirmada como reutilizada/equivalente.,administrativo/preguntas-por-tema/
360,Encaje directo,30,Comunicación y atención al público,,Sin estado individual público,,,False,301-400,97,Porcentaje agregado del bloque; no implica que esta pregunta concreta esté individualmente confirmada como reutilizada/equivalente.,administrativo/preguntas-por-tema/
361,Encaje directo,30,Comunicación y atención al público,,Sin estado individual público,,,False,301-400,97,Porcentaje agregado del bloque; no implica que esta pregunta concreta esté individualmente confirmada como reutilizada/equivalente.,administrativo/preguntas-por-tema/
362,Encaje directo,30,Comunicación y atención al público,,Sin estado individual público,,,False,301-400,97,Porcentaje agregado del bloque; no implica que esta pregunta concreta esté individualmente confirmada como reutilizada/equivalente.,administrativo/preguntas-por-tema/
363,Encaje directo,30,Comunicación y atención al público,,Sin estado individual público,,,False,301-400,97,Porcentaje agregado del bloque; no implica que esta pregunta concreta esté individualmente confirmada como reutilizada/equivalente.,administrativo/preguntas-por-tema/
364,Encaje directo,30,Comunicación y atención al público,,Sin estado individual público,,,False,301-400,97,Porcentaje agregado del bloque; no implica que esta pregunta concreta esté individualmente confirmada como reutilizada/equivalente.,administrativo/preguntas-por-tema/
365,Encaje directo,30,Comunicación y atención al público,,Sin estado individual público,,,False,301-400,97,Porcentaje agregado del bloque; no implica que esta pregunta concreta esté individualmente confirmada como reutilizada/equivalente.,administrativo/preguntas-por-tema/
366,Encaje directo,30,Comunicación y atención al público,,Sin estado individual público,,,False,301-400,97,Porcentaje agregado del bloque; no implica que esta pregunta concreta esté individualmente confirmada como reutilizada/equivalente.,administrativo/preguntas-por-tema/
367,Encaje directo,30,Comunicación y atención al público,,Sin estado individual público,,,False,301-400,97,Porcentaje agregado del bloque; no implica que esta pregunta concreta esté individualmente confirmada como reutilizada/equivalente.,administrativo/preguntas-por-tema/
368,Encaje directo,30,Comunicación y atención al público,,Sin estado individual público,,,False,301-400,97,Porcentaje agregado del bloque; no implica que esta pregunta concreta esté individualmente confirmada como reutilizada/equivalente.,administrativo/preguntas-por-tema/
369,Encaje directo,30,Comunicación y atención al público,,Sin estado individual público,,,False,301-400,97,Porcentaje agregado del bloque; no implica que esta pregunta concreta esté individualmente confirmada como reutilizada/equivalente.,administrativo/preguntas-por-tema/
370,Encaje directo,30,Comunicación y atención al público,,Sin estado individual público,,,False,301-400,97,Porcentaje agregado del bloque; no implica que esta pregunta concreta esté individualmente confirmada como reutilizada/equivalente.,administrativo/preguntas-por-tema/
371,Encaje directo,30,Comunicación y atención al público,,Sin estado individual público,,,False,301-400,97,Porcentaje agregado del bloque; no implica que esta pregunta concreta esté individualmente confirmada como reutilizada/equivalente.,administrativo/preguntas-por-tema/
372,Encaje directo,30,Comunicación y atención al público,,Sin estado individual público,,,False,301-400,97,Porcentaje agregado del bloque; no implica que esta pregunta concreta esté individualmente confirmada como reutilizada/equivalente.,administrativo/preguntas-por-tema/
373,Encaje directo,30,Comunicación y atención al público,,Sin estado individual público,,,False,301-400,97,Porcentaje agregado del bloque; no implica que esta pregunta concreta esté individualmente confirmada como reutilizada/equivalente.,administrativo/preguntas-por-tema/
374,Encaje directo,30,Comunicación y atención al público,,Sin estado individual público,,,False,301-400,97,Porcentaje agregado del bloque; no implica que esta pregunta concreta esté individualmente confirmada como reutilizada/equivalente.,administrativo/preguntas-por-tema/
375,Encaje directo,30,Comunicación y atención al público,,Sin estado individual público,,,False,301-400,97,Porcentaje agregado del bloque; no implica que esta pregunta concreta esté individualmente confirmada como reutilizada/equivalente.,administrativo/preguntas-por-tema/
376,Encaje directo,30,Comunicación y atención al público,,Sin estado individual público,,,False,301-400,97,Porcentaje agregado del bloque; no implica que esta pregunta concreta esté individualmente confirmada como reutilizada/equivalente.,administrativo/preguntas-por-tema/
377,Encaje directo,30,Comunicación y atención al público,,Sin estado individual público,,,False,301-400,97,Porcentaje agregado del bloque; no implica que esta pregunta concreta esté individualmente confirmada como reutilizada/equivalente.,administrativo/preguntas-por-tema/
378,Encaje directo,30,Comunicación y atención al público,,Sin estado individual público,,,False,301-400,97,Porcentaje agregado del bloque; no implica que esta pregunta concreta esté individualmente confirmada como reutilizada/equivalente.,administrativo/preguntas-por-tema/
379,Encaje directo,30,Comunicación y atención al público,,Sin estado individual público,,,False,301-400,97,Porcentaje agregado del bloque; no implica que esta pregunta concreta esté individualmente confirmada como reutilizada/equivalente.,administrativo/preguntas-por-tema/
380,Encaje directo,30,Comunicación y atención al público,,Sin estado individual público,,,False,301-400,97,Porcentaje agregado del bloque; no implica que esta pregunta concreta esté individualmente confirmada como reutilizada/equivalente.,administrativo/preguntas-por-tema/
381,Encaje directo,30,Comunicación y atención al público,,Sin estado individual público,,,False,301-400,97,Porcentaje agregado del bloque; no implica que esta pregunta concreta esté individualmente confirmada como reutilizada/equivalente.,administrativo/preguntas-por-tema/
382,Encaje directo,30,Comunicación y atención al público,,Sin estado individual público,,,False,301-400,97,Porcentaje agregado del bloque; no implica que esta pregunta concreta esté individualmente confirmada como reutilizada/equivalente.,administrativo/preguntas-por-tema/
383,Encaje directo,30,Comunicación y atención al público,,Sin estado individual público,,,False,301-400,97,Porcentaje agregado del bloque; no implica que esta pregunta concreta esté individualmente confirmada como reutilizada/equivalente.,administrativo/preguntas-por-tema/
384,Encaje directo,30,Comunicación y atención al público,,Sin estado individual público,,,False,301-400,97,Porcentaje agregado del bloque; no implica que esta pregunta concreta esté individualmente confirmada como reutilizada/equivalente.,administrativo/preguntas-por-tema/
385,Encaje directo,30,Comunicación y atención al público,,Salvedad técnica,A,Salvedad A/B,False,301-400,97,Porcentaje agregado del bloque; no implica que esta pregunta concreta esté individualmente confirmada como reutilizada/equivalente.,administrativo/preguntas-dudosas/
386,Encaje directo,30,Comunicación y atención al público,,Sin estado individual público,,,False,301-400,97,Porcentaje agregado del bloque; no implica que esta pregunta concreta esté individualmente confirmada como reutilizada/equivalente.,administrativo/preguntas-por-tema/
387,Encaje directo,30,Comunicación y atención al público,,Sin estado individual público,,,False,301-400,97,Porcentaje agregado del bloque; no implica que esta pregunta concreta esté individualmente confirmada como reutilizada/equivalente.,administrativo/preguntas-por-tema/
388,Encaje directo,30,Comunicación y atención al público,,Sin estado individual público,,,False,301-400,97,Porcentaje agregado del bloque; no implica que esta pregunta concreta esté individualmente confirmada como reutilizada/equivalente.,administrativo/preguntas-por-tema/
389,Transversal,9,Ley 11/2022 de Empleo Público Vasco,,Sin estado individual público,,,False,301-400,97,Porcentaje agregado del bloque; no implica que esta pregunta concreta esté individualmente confirmada como reutilizada/equivalente.,administrativo/preguntas-por-tema/
390,Transversal,30,Comunicación y atención al público,,Sin estado individual público,,,False,301-400,97,Porcentaje agregado del bloque; no implica que esta pregunta concreta esté individualmente confirmada como reutilizada/equivalente.,administrativo/preguntas-por-tema/
391,Transversal,30,Comunicación y atención al público,,Sin estado individual público,,,False,301-400,97,Porcentaje agregado del bloque; no implica que esta pregunta concreta esté individualmente confirmada como reutilizada/equivalente.,administrativo/preguntas-por-tema/
392,Transversal,30,Comunicación y atención al público,,Sin estado individual público,,,False,301-400,97,Porcentaje agregado del bloque; no implica que esta pregunta concreta esté individualmente confirmada como reutilizada/equivalente.,administrativo/preguntas-por-tema/
393,Transversal,30,Comunicación y atención al público,,Sin estado individual público,,,False,301-400,97,Porcentaje agregado del bloque; no implica que esta pregunta concreta esté individualmente confirmada como reutilizada/equivalente.,administrativo/preguntas-por-tema/
394,Transversal,30,Comunicación y atención al público,,Sin estado individual público,,,False,301-400,97,Porcentaje agregado del bloque; no implica que esta pregunta concreta esté individualmente confirmada como reutilizada/equivalente.,administrativo/preguntas-por-tema/
395,Transversal,30,Comunicación y atención al público,,Corrección documentada,C,Evidencia histórica LAB UPV/EHU + contraste,False,301-400,97,Porcentaje agregado del bloque; no implica que esta pregunta concreta esté individualmente confirmada como reutilizada/equivalente.,administrativo/preguntas-dudosas/
396,Transversal,30,Comunicación y atención al público,,Sin estado individual público,,,False,301-400,97,Porcentaje agregado del bloque; no implica que esta pregunta concreta esté individualmente confirmada como reutilizada/equivalente.,administrativo/preguntas-por-tema/
397,Sin encaje directo,,Sin encaje directo en los 35 temas,"Prevención, emergencias, ergonomía o seguridad laboral",Sin estado individual público,,,False,301-400,97,Porcentaje agregado del bloque; no implica que esta pregunta concreta esté individualmente confirmada como reutilizada/equivalente.,administrativo/preguntas-por-tema/
398,Sin encaje directo,,Sin encaje directo en los 35 temas,"Prevención, emergencias, ergonomía o seguridad laboral",Sin estado individual público,,,False,301-400,97,Porcentaje agregado del bloque; no implica que esta pregunta concreta esté individualmente confirmada como reutilizada/equivalente.,administrativo/preguntas-por-tema/
399,Transversal,15,Ley 33/2003 de Patrimonio de las Administraciones Públicas,,Sin estado individual público,,,False,301-400,97,Porcentaje agregado del bloque; no implica que esta pregunta concreta esté individualmente confirmada como reutilizada/equivalente.,administrativo/preguntas-por-tema/
400,Sin encaje directo,,Sin encaje directo en los 35 temas,"Prevención, emergencias, ergonomía o seguridad laboral",Sin estado individual público,,,False,301-400,97,Porcentaje agregado del bloque; no implica que esta pregunta concreta esté individualmente confirmada como reutilizada/equivalente.,administrativo/preguntas-por-tema/
401,Encaje directo,29,Igualdad de género y violencia contra las mujeres,,Sin estado individual público,,,False,401-500,83,Porcentaje agregado del bloque; no implica que esta pregunta concreta esté individualmente confirmada como reutilizada/equivalente.,administrativo/preguntas-por-tema/
402,Encaje directo,29,Igualdad de género y violencia contra las mujeres,,Sin estado individual público,,,False,401-500,83,Porcentaje agregado del bloque; no implica que esta pregunta concreta esté individualmente confirmada como reutilizada/equivalente.,administrativo/preguntas-por-tema/
403,Encaje directo,29,Igualdad de género y violencia contra las mujeres,,Sin estado individual público,,,False,401-500,83,Porcentaje agregado del bloque; no implica que esta pregunta concreta esté individualmente confirmada como reutilizada/equivalente.,administrativo/preguntas-por-tema/
404,Encaje directo,29,Igualdad de género y violencia contra las mujeres,,Sin estado individual público,,,False,401-500,83,Porcentaje agregado del bloque; no implica que esta pregunta concreta esté individualmente confirmada como reutilizada/equivalente.,administrativo/preguntas-por-tema/
405,Encaje directo,29,Igualdad de género y violencia contra las mujeres,,Sin estado individual público,,,False,401-500,83,Porcentaje agregado del bloque; no implica que esta pregunta concreta esté individualmente confirmada como reutilizada/equivalente.,administrativo/preguntas-por-tema/
406,Encaje directo,29,Igualdad de género y violencia contra las mujeres,,Sin estado individual público,,,False,401-500,83,Porcentaje agregado del bloque; no implica que esta pregunta concreta esté individualmente confirmada como reutilizada/equivalente.,administrativo/preguntas-por-tema/
407,Encaje directo,29,Igualdad de género y violencia contra las mujeres,,Sin estado individual público,,,False,401-500,83,Porcentaje agregado del bloque; no implica que esta pregunta concreta esté individualmente confirmada como reutilizada/equivalente.,administrativo/preguntas-por-tema/
408,Transversal,17,Ley 9/2017 de Contratos del Sector Público,,Sin estado individual público,,,False,401-500,83,Porcentaje agregado del bloque; no implica que esta pregunta concreta esté individualmente confirmada como reutilizada/equivalente.,administrativo/preguntas-por-tema/
409,Transversal,17,Ley 9/2017 de Contratos del Sector Público,,Salvedad técnica,B,TREBEP; se conserva salvedad técnica,False,401-500,83,Porcentaje agregado del bloque; no implica que esta pregunta concreta esté individualmente confirmada como reutilizada/equivalente.,administrativo/preguntas-dudosas/
410,Transversal,17,Ley 9/2017 de Contratos del Sector Público,,Sin estado individual público,,,False,401-500,83,Porcentaje agregado del bloque; no implica que esta pregunta concreta esté individualmente confirmada como reutilizada/equivalente.,administrativo/preguntas-por-tema/
411,Transversal,17,Ley 9/2017 de Contratos del Sector Público,,Sin estado individual público,,,False,401-500,83,Porcentaje agregado del bloque; no implica que esta pregunta concreta esté individualmente confirmada como reutilizada/equivalente.,administrativo/preguntas-por-tema/
412,Transversal,35,"Sistemas operativos, ofimática, datos, navegadores, correo y seguridad informática",,Sin estado individual público,,,False,401-500,83,Porcentaje agregado del bloque; no implica que esta pregunta concreta esté individualmente confirmada como reutilizada/equivalente.,administrativo/preguntas-por-tema/
413,Encaje directo,8,Normalización del uso del euskera,,Corrección documentada,D,IVAP + Decreto 19/2024,False,401-500,83,Porcentaje agregado del bloque; no implica que esta pregunta concreta esté individualmente confirmada como reutilizada/equivalente.,administrativo/preguntas-dudosas/
414,Encaje directo,35,"Sistemas operativos, ofimática, datos, navegadores, correo y seguridad informática",,Sin estado individual público,,,False,401-500,83,Porcentaje agregado del bloque; no implica que esta pregunta concreta esté individualmente confirmada como reutilizada/equivalente.,administrativo/preguntas-por-tema/
415,Encaje directo,35,"Sistemas operativos, ofimática, datos, navegadores, correo y seguridad informática",,Sin estado individual público,,,False,401-500,83,Porcentaje agregado del bloque; no implica que esta pregunta concreta esté individualmente confirmada como reutilizada/equivalente.,administrativo/preguntas-por-tema/
416,Transversal,17,Ley 9/2017 de Contratos del Sector Público,,Sin estado individual público,,,False,401-500,83,Porcentaje agregado del bloque; no implica que esta pregunta concreta esté individualmente confirmada como reutilizada/equivalente.,administrativo/preguntas-por-tema/
417,Encaje directo,35,"Sistemas operativos, ofimática, datos, navegadores, correo y seguridad informática",,Sin estado individual público,,,False,401-500,83,Porcentaje agregado del bloque; no implica que esta pregunta concreta esté individualmente confirmada como reutilizada/equivalente.,administrativo/preguntas-por-tema/
418,Encaje directo,35,"Sistemas operativos, ofimática, datos, navegadores, correo y seguridad informática",,Sin estado individual público,,,False,401-500,83,Porcentaje agregado del bloque; no implica que esta pregunta concreta esté individualmente confirmada como reutilizada/equivalente.,administrativo/preguntas-por-tema/
419,Encaje directo,35,"Sistemas operativos, ofimática, datos, navegadores, correo y seguridad informática",,Sin estado individual público,,,False,401-500,83,Porcentaje agregado del bloque; no implica que esta pregunta concreta esté individualmente confirmada como reutilizada/equivalente.,administrativo/preguntas-por-tema/
420,Transversal,34,Bibliotecas y Biblioteca EHU,,Sin estado individual público,,,False,401-500,83,Porcentaje agregado del bloque; no implica que esta pregunta concreta esté individualmente confirmada como reutilizada/equivalente.,administrativo/preguntas-por-tema/
421,Transversal,34,Bibliotecas y Biblioteca EHU,,Sin estado individual público,,,False,401-500,83,Porcentaje agregado del bloque; no implica que esta pregunta concreta esté individualmente confirmada como reutilizada/equivalente.,administrativo/preguntas-por-tema/
422,Transversal,34,Bibliotecas y Biblioteca EHU,,Sin estado individual público,,,False,401-500,83,Porcentaje agregado del bloque; no implica que esta pregunta concreta esté individualmente confirmada como reutilizada/equivalente.,administrativo/preguntas-por-tema/
423,Transversal,34,Bibliotecas y Biblioteca EHU,,Sin estado individual público,,,False,401-500,83,Porcentaje agregado del bloque; no implica que esta pregunta concreta esté individualmente confirmada como reutilizada/equivalente.,administrativo/preguntas-por-tema/
424,Transversal,34,Bibliotecas y Biblioteca EHU,,Sin estado individual público,,,False,401-500,83,Porcentaje agregado del bloque; no implica que esta pregunta concreta esté individualmente confirmada como reutilizada/equivalente.,administrativo/preguntas-por-tema/
425,Encaje directo,14,Seguridad Social y otros regímenes de previsión,,Sin estado individual público,,,False,401-500,83,Porcentaje agregado del bloque; no implica que esta pregunta concreta esté individualmente confirmada como reutilizada/equivalente.,administrativo/preguntas-por-tema/
426,Encaje directo,14,Seguridad Social y otros regímenes de previsión,,Sin estado individual público,,,False,401-500,83,Porcentaje agregado del bloque; no implica que esta pregunta concreta esté individualmente confirmada como reutilizada/equivalente.,administrativo/preguntas-por-tema/
427,Encaje directo,1,"Constitución: principios, Estado, valores, derechos y libertades",,Sin estado individual público,,,False,401-500,83,Porcentaje agregado del bloque; no implica que esta pregunta concreta esté individualmente confirmada como reutilizada/equivalente.,administrativo/preguntas-por-tema/
428,Encaje directo,14,Seguridad Social y otros regímenes de previsión,,Sin estado individual público,,,False,401-500,83,Porcentaje agregado del bloque; no implica que esta pregunta concreta esté individualmente confirmada como reutilizada/equivalente.,administrativo/preguntas-por-tema/
429,Encaje directo,14,Seguridad Social y otros regímenes de previsión,,Sin estado individual público,,,False,401-500,83,Porcentaje agregado del bloque; no implica que esta pregunta concreta esté individualmente confirmada como reutilizada/equivalente.,administrativo/preguntas-por-tema/
430,Encaje directo,14,Seguridad Social y otros regímenes de previsión,,Sin estado individual público,,,False,401-500,83,Porcentaje agregado del bloque; no implica que esta pregunta concreta esté individualmente confirmada como reutilizada/equivalente.,administrativo/preguntas-por-tema/
431,Encaje directo,14,Seguridad Social y otros regímenes de previsión,,Sin estado individual público,,,False,401-500,83,Porcentaje agregado del bloque; no implica que esta pregunta concreta esté individualmente confirmada como reutilizada/equivalente.,administrativo/preguntas-por-tema/
432,Encaje directo,14,Seguridad Social y otros regímenes de previsión,,Sin estado individual público,,,False,401-500,83,Porcentaje agregado del bloque; no implica que esta pregunta concreta esté individualmente confirmada como reutilizada/equivalente.,administrativo/preguntas-por-tema/
433,Encaje directo,14,Seguridad Social y otros regímenes de previsión,,Sin estado individual público,,,False,401-500,83,Porcentaje agregado del bloque; no implica que esta pregunta concreta esté individualmente confirmada como reutilizada/equivalente.,administrativo/preguntas-por-tema/
434,Encaje directo,14,Seguridad Social y otros regímenes de previsión,,Sin estado individual público,,,False,401-500,83,Porcentaje agregado del bloque; no implica que esta pregunta concreta esté individualmente confirmada como reutilizada/equivalente.,administrativo/preguntas-por-tema/
435,Encaje directo,14,Seguridad Social y otros regímenes de previsión,,Corrección documentada,A,Seguridad Social,False,401-500,83,Porcentaje agregado del bloque; no implica que esta pregunta concreta esté individualmente confirmada como reutilizada/equivalente.,administrativo/preguntas-dudosas/
436,Encaje directo,14,Seguridad Social y otros regímenes de previsión,,Sin estado individual público,,,False,401-500,83,Porcentaje agregado del bloque; no implica que esta pregunta concreta esté individualmente confirmada como reutilizada/equivalente.,administrativo/preguntas-por-tema/
437,Encaje directo,14,Seguridad Social y otros regímenes de previsión,,Sin estado individual público,,,False,401-500,83,Porcentaje agregado del bloque; no implica que esta pregunta concreta esté individualmente confirmada como reutilizada/equivalente.,administrativo/preguntas-por-tema/
438,Encaje directo,14,Seguridad Social y otros regímenes de previsión,,Sin estado individual público,,,False,401-500,83,Porcentaje agregado del bloque; no implica que esta pregunta concreta esté individualmente confirmada como reutilizada/equivalente.,administrativo/preguntas-por-tema/
439,Encaje directo,14,Seguridad Social y otros regímenes de previsión,,Sin estado individual público,,,False,401-500,83,Porcentaje agregado del bloque; no implica que esta pregunta concreta esté individualmente confirmada como reutilizada/equivalente.,administrativo/preguntas-por-tema/
440,Encaje directo,14,Seguridad Social y otros regímenes de previsión,,Sin estado individual público,,,False,401-500,83,Porcentaje agregado del bloque; no implica que esta pregunta concreta esté individualmente confirmada como reutilizada/equivalente.,administrativo/preguntas-por-tema/
441,Encaje directo,14,Seguridad Social y otros regímenes de previsión,,Sin estado individual público,,,False,401-500,83,Porcentaje agregado del bloque; no implica que esta pregunta concreta esté individualmente confirmada como reutilizada/equivalente.,administrativo/preguntas-por-tema/
442,Encaje directo,14,Seguridad Social y otros regímenes de previsión,,Sin estado individual público,,,False,401-500,83,Porcentaje agregado del bloque; no implica que esta pregunta concreta esté individualmente confirmada como reutilizada/equivalente.,administrativo/preguntas-por-tema/
443,Encaje directo,13,TREBEP,,Sin estado individual público,,,False,401-500,83,Porcentaje agregado del bloque; no implica que esta pregunta concreta esté individualmente confirmada como reutilizada/equivalente.,administrativo/preguntas-por-tema/
444,Transversal,31,"Relaciones ciudadanía-Administración, información, transparencia y acceso electrónico",,Sin estado individual público,,,False,401-500,83,Porcentaje agregado del bloque; no implica que esta pregunta concreta esté individualmente confirmada como reutilizada/equivalente.,administrativo/preguntas-por-tema/
445,Encaje directo,14,Seguridad Social y otros regímenes de previsión,,Sin estado individual público,,,False,401-500,83,Porcentaje agregado del bloque; no implica que esta pregunta concreta esté individualmente confirmada como reutilizada/equivalente.,administrativo/preguntas-por-tema/
446,Encaje directo,14,Seguridad Social y otros regímenes de previsión,,Sin estado individual público,,,False,401-500,83,Porcentaje agregado del bloque; no implica que esta pregunta concreta esté individualmente confirmada como reutilizada/equivalente.,administrativo/preguntas-por-tema/
447,Encaje directo,14,Seguridad Social y otros regímenes de previsión,,Sin estado individual público,,,False,401-500,83,Porcentaje agregado del bloque; no implica que esta pregunta concreta esté individualmente confirmada como reutilizada/equivalente.,administrativo/preguntas-por-tema/
448,Encaje directo,33,Archivo y Manual de archivo de gestión EHU,,Sin estado individual público,,,False,401-500,83,Porcentaje agregado del bloque; no implica que esta pregunta concreta esté individualmente confirmada como reutilizada/equivalente.,administrativo/preguntas-por-tema/
449,Encaje directo,33,Archivo y Manual de archivo de gestión EHU,,Sin estado individual público,,,False,401-500,83,Porcentaje agregado del bloque; no implica que esta pregunta concreta esté individualmente confirmada como reutilizada/equivalente.,administrativo/preguntas-por-tema/
450,Encaje directo,33,Archivo y Manual de archivo de gestión EHU,,Sin estado individual público,,,False,401-500,83,Porcentaje agregado del bloque; no implica que esta pregunta concreta esté individualmente confirmada como reutilizada/equivalente.,administrativo/preguntas-por-tema/
451,Encaje directo,33,Archivo y Manual de archivo de gestión EHU,,Sin estado individual público,,,False,401-500,83,Porcentaje agregado del bloque; no implica que esta pregunta concreta esté individualmente confirmada como reutilizada/equivalente.,administrativo/preguntas-por-tema/
452,Encaje directo,33,Archivo y Manual de archivo de gestión EHU,,Sin estado individual público,,,False,401-500,83,Porcentaje agregado del bloque; no implica que esta pregunta concreta esté individualmente confirmada como reutilizada/equivalente.,administrativo/preguntas-por-tema/
453,Encaje directo,8,Normalización del uso del euskera,,Revisión individual confirmada (ejemplo público),D,Decreto 19/2024,False,401-500,83,Porcentaje agregado del bloque; no implica que esta pregunta concreta esté individualmente confirmada como reutilizada/equivalente.,administrativo/preguntas-dudosas/
454,Encaje directo,32,"Gestión de documentos, registros e identidad corporativa",,Sin estado individual público,,,False,401-500,83,Porcentaje agregado del bloque; no implica que esta pregunta concreta esté individualmente confirmada como reutilizada/equivalente.,administrativo/preguntas-por-tema/
455,Encaje directo,32,"Gestión de documentos, registros e identidad corporativa",,Sin estado individual público,,,False,401-500,83,Porcentaje agregado del bloque; no implica que esta pregunta concreta esté individualmente confirmada como reutilizada/equivalente.,administrativo/preguntas-por-tema/
456,Encaje directo,32,"Gestión de documentos, registros e identidad corporativa",,Sin estado individual público,,,False,401-500,83,Porcentaje agregado del bloque; no implica que esta pregunta concreta esté individualmente confirmada como reutilizada/equivalente.,administrativo/preguntas-por-tema/
457,Encaje directo,33,Archivo y Manual de archivo de gestión EHU,,Sin estado individual público,,,False,401-500,83,Porcentaje agregado del bloque; no implica que esta pregunta concreta esté individualmente confirmada como reutilizada/equivalente.,administrativo/preguntas-por-tema/
458,Encaje directo,33,Archivo y Manual de archivo de gestión EHU,,Sin estado individual público,,,False,401-500,83,Porcentaje agregado del bloque; no implica que esta pregunta concreta esté individualmente confirmada como reutilizada/equivalente.,administrativo/preguntas-por-tema/
459,Encaje directo,33,Archivo y Manual de archivo de gestión EHU,,Revisión individual confirmada (ejemplo público),B,Manual de archivo de gestión EHU,False,401-500,83,Porcentaje agregado del bloque; no implica que esta pregunta concreta esté individualmente confirmada como reutilizada/equivalente.,administrativo/preguntas-dudosas/
460,Encaje directo,33,Archivo y Manual de archivo de gestión EHU,,Sin estado individual público,,,False,401-500,83,Porcentaje agregado del bloque; no implica que esta pregunta concreta esté individualmente confirmada como reutilizada/equivalente.,administrativo/preguntas-por-tema/
461,Encaje directo,32,"Gestión de documentos, registros e identidad corporativa",,Sin estado individual público,,,False,401-500,83,Porcentaje agregado del bloque; no implica que esta pregunta concreta esté individualmente confirmada como reutilizada/equivalente.,administrativo/preguntas-por-tema/
462,Encaje directo,32,"Gestión de documentos, registros e identidad corporativa",,Corrección documentada,D,Manual de archivo de gestión EHU,False,401-500,83,Porcentaje agregado del bloque; no implica que esta pregunta concreta esté individualmente confirmada como reutilizada/equivalente.,administrativo/preguntas-dudosas/
463,Encaje directo,32,"Gestión de documentos, registros e identidad corporativa",,Sin estado individual público,,,False,401-500,83,Porcentaje agregado del bloque; no implica que esta pregunta concreta esté individualmente confirmada como reutilizada/equivalente.,administrativo/preguntas-por-tema/
464,Encaje directo,17,Ley 9/2017 de Contratos del Sector Público,,Sin estado individual público,,,False,401-500,83,Porcentaje agregado del bloque; no implica que esta pregunta concreta esté individualmente confirmada como reutilizada/equivalente.,administrativo/preguntas-por-tema/
465,Encaje directo,17,Ley 9/2017 de Contratos del Sector Público,,Sin estado individual público,,,False,401-500,83,Porcentaje agregado del bloque; no implica que esta pregunta concreta esté individualmente confirmada como reutilizada/equivalente.,administrativo/preguntas-por-tema/
466,Encaje directo,17,Ley 9/2017 de Contratos del Sector Público,,Sin estado individual público,,,False,401-500,83,Porcentaje agregado del bloque; no implica que esta pregunta concreta esté individualmente confirmada como reutilizada/equivalente.,administrativo/preguntas-por-tema/
467,Encaje directo,17,Ley 9/2017 de Contratos del Sector Público,,Corrección documentada,D,Ley 9/2017 de Contratos del Sector Público,False,401-500,83,Porcentaje agregado del bloque; no implica que esta pregunta concreta esté individualmente confirmada como reutilizada/equivalente.,administrativo/preguntas-dudosas/
468,Encaje directo,17,Ley 9/2017 de Contratos del Sector Público,,Sin estado individual público,,,False,401-500,83,Porcentaje agregado del bloque; no implica que esta pregunta concreta esté individualmente confirmada como reutilizada/equivalente.,administrativo/preguntas-por-tema/
469,Encaje directo,17,Ley 9/2017 de Contratos del Sector Público,,Sin estado individual público,,,False,401-500,83,Porcentaje agregado del bloque; no implica que esta pregunta concreta esté individualmente confirmada como reutilizada/equivalente.,administrativo/preguntas-por-tema/
470,Encaje directo,17,Ley 9/2017 de Contratos del Sector Público,,Sin estado individual público,,,False,401-500,83,Porcentaje agregado del bloque; no implica que esta pregunta concreta esté individualmente confirmada como reutilizada/equivalente.,administrativo/preguntas-por-tema/
471,Encaje directo,17,Ley 9/2017 de Contratos del Sector Público,,Sin estado individual público,,,False,401-500,83,Porcentaje agregado del bloque; no implica que esta pregunta concreta esté individualmente confirmada como reutilizada/equivalente.,administrativo/preguntas-por-tema/
472,Encaje directo,17,Ley 9/2017 de Contratos del Sector Público,,Sin estado individual público,,,False,401-500,83,Porcentaje agregado del bloque; no implica que esta pregunta concreta esté individualmente confirmada como reutilizada/equivalente.,administrativo/preguntas-por-tema/
473,Encaje directo,17,Ley 9/2017 de Contratos del Sector Público,,Sin estado individual público,,,False,401-500,83,Porcentaje agregado del bloque; no implica que esta pregunta concreta esté individualmente confirmada como reutilizada/equivalente.,administrativo/preguntas-por-tema/
474,Encaje directo,17,Ley 9/2017 de Contratos del Sector Público,,Sin estado individual público,,,False,401-500,83,Porcentaje agregado del bloque; no implica que esta pregunta concreta esté individualmente confirmada como reutilizada/equivalente.,administrativo/preguntas-por-tema/
475,Encaje directo,17,Ley 9/2017 de Contratos del Sector Público,,Sin estado individual público,,,False,401-500,83,Porcentaje agregado del bloque; no implica que esta pregunta concreta esté individualmente confirmada como reutilizada/equivalente.,administrativo/preguntas-por-tema/
476,Encaje directo,17,Ley 9/2017 de Contratos del Sector Público,,Sin estado individual público,,,False,401-500,83,Porcentaje agregado del bloque; no implica que esta pregunta concreta esté individualmente confirmada como reutilizada/equivalente.,administrativo/preguntas-por-tema/
477,Encaje directo,17,Ley 9/2017 de Contratos del Sector Público,,Sin estado individual público,,,False,401-500,83,Porcentaje agregado del bloque; no implica que esta pregunta concreta esté individualmente confirmada como reutilizada/equivalente.,administrativo/preguntas-por-tema/
478,Encaje directo,17,Ley 9/2017 de Contratos del Sector Público,,Sin estado individual público,,,False,401-500,83,Porcentaje agregado del bloque; no implica que esta pregunta concreta esté individualmente confirmada como reutilizada/equivalente.,administrativo/preguntas-por-tema/
479,Encaje directo,17,Ley 9/2017 de Contratos del Sector Público,,Sin estado individual público,,,False,401-500,83,Porcentaje agregado del bloque; no implica que esta pregunta concreta esté individualmente confirmada como reutilizada/equivalente.,administrativo/preguntas-por-tema/
480,Encaje directo,17,Ley 9/2017 de Contratos del Sector Público,,Sin estado individual público,,,False,401-500,83,Porcentaje agregado del bloque; no implica que esta pregunta concreta esté individualmente confirmada como reutilizada/equivalente.,administrativo/preguntas-por-tema/
481,Encaje directo,17,Ley 9/2017 de Contratos del Sector Público,,Sin estado individual público,,,False,401-500,83,Porcentaje agregado del bloque; no implica que esta pregunta concreta esté individualmente confirmada como reutilizada/equivalente.,administrativo/preguntas-por-tema/
482,Encaje directo,34,Bibliotecas y Biblioteca EHU,,Sin estado individual público,,,False,401-500,83,Porcentaje agregado del bloque; no implica que esta pregunta concreta esté individualmente confirmada como reutilizada/equivalente.,administrativo/preguntas-por-tema/
483,Encaje directo,34,Bibliotecas y Biblioteca EHU,,Sin estado individual público,,,False,401-500,83,Porcentaje agregado del bloque; no implica que esta pregunta concreta esté individualmente confirmada como reutilizada/equivalente.,administrativo/preguntas-por-tema/
484,Encaje directo,34,Bibliotecas y Biblioteca EHU,,Sin estado individual público,,,False,401-500,83,Porcentaje agregado del bloque; no implica que esta pregunta concreta esté individualmente confirmada como reutilizada/equivalente.,administrativo/preguntas-por-tema/
485,Encaje directo,34,Bibliotecas y Biblioteca EHU,,Sin estado individual público,,,False,401-500,83,Porcentaje agregado del bloque; no implica que esta pregunta concreta esté individualmente confirmada como reutilizada/equivalente.,administrativo/preguntas-por-tema/
486,Encaje directo,34,Bibliotecas y Biblioteca EHU,,Sin estado individual público,,,False,401-500,83,Porcentaje agregado del bloque; no implica que esta pregunta concreta esté individualmente confirmada como reutilizada/equivalente.,administrativo/preguntas-por-tema/
487,Encaje directo,34,Bibliotecas y Biblioteca EHU,,Sin estado individual público,,,False,401-500,83,Porcentaje agregado del bloque; no implica que esta pregunta concreta esté individualmente confirmada como reutilizada/equivalente.,administrativo/preguntas-por-tema/
488,Encaje directo,34,Bibliotecas y Biblioteca EHU,,Sin estado individual público,,,False,401-500,83,Porcentaje agregado del bloque; no implica que esta pregunta concreta esté individualmente confirmada como reutilizada/equivalente.,administrativo/preguntas-por-tema/
489,Encaje directo,34,Bibliotecas y Biblioteca EHU,,Sin estado individual público,,,False,401-500,83,Porcentaje agregado del bloque; no implica que esta pregunta concreta esté individualmente confirmada como reutilizada/equivalente.,administrativo/preguntas-por-tema/
490,Encaje directo,34,Bibliotecas y Biblioteca EHU,,Sin estado individual público,,,False,401-500,83,Porcentaje agregado del bloque; no implica que esta pregunta concreta esté individualmente confirmada como reutilizada/equivalente.,administrativo/preguntas-por-tema/
491,Encaje directo,34,Bibliotecas y Biblioteca EHU,,Sin estado individual público,,,False,401-500,83,Porcentaje agregado del bloque; no implica que esta pregunta concreta esté individualmente confirmada como reutilizada/equivalente.,administrativo/preguntas-por-tema/
492,Encaje directo,34,Bibliotecas y Biblioteca EHU,,Sin estado individual público,,,False,401-500,83,Porcentaje agregado del bloque; no implica que esta pregunta concreta esté individualmente confirmada como reutilizada/equivalente.,administrativo/preguntas-por-tema/
493,Encaje directo,34,Bibliotecas y Biblioteca EHU,,Sin estado individual público,,,False,401-500,83,Porcentaje agregado del bloque; no implica que esta pregunta concreta esté individualmente confirmada como reutilizada/equivalente.,administrativo/preguntas-por-tema/
494,Encaje directo,34,Bibliotecas y Biblioteca EHU,,Sin estado individual público,,,False,401-500,83,Porcentaje agregado del bloque; no implica que esta pregunta concreta esté individualmente confirmada como reutilizada/equivalente.,administrativo/preguntas-por-tema/
495,Transversal,25,"Ley 3/2004: ordenación, evaluación y acreditación de la calidad",,Sin estado individual público,,,False,401-500,83,Porcentaje agregado del bloque; no implica que esta pregunta concreta esté individualmente confirmada como reutilizada/equivalente.,administrativo/preguntas-por-tema/
496,Encaje directo,9,Ley 11/2022 de Empleo Público Vasco,,Revisión individual confirmada (ejemplo público),C,Ley 11/2022 de Empleo Público Vasco,False,401-500,83,Porcentaje agregado del bloque; no implica que esta pregunta concreta esté individualmente confirmada como reutilizada/equivalente.,administrativo/preguntas-dudosas/
497,Encaje directo,8,Normalización del uso del euskera,,Revisión individual confirmada (ejemplo público),C,Decreto 19/2024,False,401-500,83,Porcentaje agregado del bloque; no implica que esta pregunta concreta esté individualmente confirmada como reutilizada/equivalente.,administrativo/preguntas-dudosas/
498,Encaje directo,23,"LOSU: gobernanza, cooperación, coordinación y participación",,Sin estado individual público,,,False,401-500,83,Porcentaje agregado del bloque; no implica que esta pregunta concreta esté individualmente confirmada como reutilizada/equivalente.,administrativo/preguntas-por-tema/
499,Encaje directo,29,Igualdad de género y violencia contra las mujeres,,Sin estado individual público,,,False,401-500,83,Porcentaje agregado del bloque; no implica que esta pregunta concreta esté individualmente confirmada como reutilizada/equivalente.,administrativo/preguntas-por-tema/
500,Encaje directo,29,Igualdad de género y violencia contra las mujeres,,Sin estado individual público,,,False,401-500,83,Porcentaje agregado del bloque; no implica que esta pregunta concreta esté individualmente confirmada como reutilizada/equivalente.,administrativo/preguntas-por-tema/
